Waterbody_LID,Lake_Name,Cycle,AreaCalcm2,Perim__m2,Strahler,Shreve,MinElev,MaxElev,MeanElev,SDElev,GDD8110,TertiaryWS,QuaternWS
15-3523-55336,South Scot L.,1,4057654.55,27984.64,4,35,320.2802124,329.2735596,322.3966048,0.838461199,1738.355591,05PE,5PE-02
15-3532-55170,Whitefish L.,1,2176027.77,20531.66,2,2,368.4230957,377.3540039,370.2894051,0.873011967,1750.760539,05PE,5PE-03
15-3543-56122,Wingiskus L.,1,6947727.21,29634.4,4,37,329.7075806,348.2163696,335.9086058,1.515783942,1638.434555,05RA,5RA-03
15-3545-55924,Bain L.,1,1441339.97,14377.63,3,7,353.0197754,360.5909729,354.2940597,0.925710732,1664.889282,05PJ,5PJ-01
15-3559-55281,Malachi L.,1,10545104.2,41828.92,3,22,323.0162354,335.176178,326.6318515,1.60602349,1743.906982,05PE,5PE-03
15-3653-55394,Cygnet L.,1,13179395.79,55021.09,4,113,309.9391785,321.5230713,311.2893223,1.132814468,1736.750663,05PE,5PE-03
15-3654-55172,Pickerel L.,1,6038669.22,36565.39,3,9,340.4415588,349.3195496,343.2781665,1.177548294,1757.029633,05PE,5PE-01
15-3662-55240,Pelicanpouch L.,1,9254756.12,52736.89,4,36,331.0490723,342.7874756,333.5742787,1.157647884,1752.975494,05PE,5PE-03
15-3754-55732,Umfreville L.,1,156099306.2,537550.23,8,"28,778",301.7505798,335.9463196,316.9378934,1.864087156,1686.794246,05QE,5QE-01
15-3755-55568,Blueberry L.,1,1256921.29,9706.26,3,11,322.5820313,339.525177,326.0486383,2.309180165,1715.255981,05PE,5PE-01
15-3786-56088,Dowswell L.,1,1972230.12,12181.31,2,5,378.5400085,390.2369385,382.8055146,1.189740362,1634.03241,05PJ,5PJ-02
15-3795-55615,Snook L.,1,3022544.79,23504.35,4,20,332.828125,362.2864685,338.1103237,2.787539837,1708.352808,05QE,5QE-01
15-3895-55970,Wyder L.,1,2663115.31,29808.16,2,9,375.9453735,392.6095886,378.3702949,1.888303909,1644.652669,05QE,5QE-02
15-3925-55861,Fletcher L.,1,9131944.41,49323.72,6,728,319.5208435,341.2360535,322.5645286,2.113088178,1663.065525,05QE,5QE-02
15-3974-57298,Cairns L.,1,52260978.57,160838.7,3,28,363.5646057,378.6175537,365.4085539,1.128362193,1489.866439,05RC, 
15-3982-55227,Black Sturgeon L.s,1,15414175.61,72199.02,5,316,307.774231,322.4704285,313.5695115,2.104650989,1771.525428,05PE,5PE-04
15-3982-55227,Black Sturgeon L.s,1,13496404.4,56452.29,5,316,310.5491638,327.7822266,314.792744,1.730744337,1774.589223,05PE,5PE-04
15-4058-55081,Longbow L.,1,6966518.69,35942.69,3,19,323.6460266,334.1127014,327.3232074,1.231581201,1777.616846,05PD,5PD-01
15-4100-55022,Blindfold L.,1,2818159.45,28506.81,5,185,322.0022888,331.6029053,323.455407,0.720361966,1768.348572,05PD,5PD-08
15-4109-56434,Onnie L.,1,1653822.36,11363.33,3,21,376.0749817,399.2050781,379.6243393,2.278647699,1561.114665,05QC,5QC-02
15-4115-55351,Cross L.,1,1085395.47,9437.59,3,8,371.1763,385.8696899,373.2277338,1.718493445,1743.76,05PE,5PE-04
15-4124-55428,Old Man L.,1,1607977.98,12246.65,4,42,339.9017639,358.6077576,345.1733297,1.73772757,1730.271566,05QE,5QE-01
15-4127-55299,Plum L.,1,735685.62,6932.82,3,9,355.3822327,363.2002258,357.0274203,1.076479566,1753.065552,05PE,5PE-04
15-4131-55595,Big Fox L.,1,14280610.72,94512.29,8,"28,847",315.2404175,333.5166626,318.474542,1.536347435,1700.131053,05QE,5QE-01
15-4148-55077,Dogtooth L.,1,25708022.4,204551.44,5,138,340.0927124,356.1594238,345.4489821,1.67965061,1762.472874,05PD,5PD-07
15-4153-55253,Silver L.,1,24725260.46,40701.16,4,59,331.4482117,355.5716248,340.3169012,2.289557304,1754.850942,05PE,5PE-04
15-4172-56262,Longlegged L.,1,24440750.47,73522.9,6,277,360.3782349,376.7651978,363.2634139,1.071080092,1580.396393,05QE,5QE-03
15-4185-55186,Base L.,1,552030.32,7841.06,2,2,361.7964172,369.068634,364.1238536,1.108869089,1756.227173,05PE,5PE-04
15-4187-56135,Confusion L.,1,14614250.02,75903.89,5,194,363.2051697,383.3185425,367.5085837,1.16730928,1604.843872,05QE,5QE-02
15-4216-54977,Andy L.,1,1632535,13092.61,3,8,357.7610779,363.7269287,359.072725,0.847659173,1752.813721,05PD,5PD-07
15-4218-54877,Black L.,1,3337572.04,23353.77,4,37,335.5089111,344.8349304,339.2889011,1.532285117,1747.344889,05PD,5PD-07
15-4238-55430,Tom L.,1,570542.81,7700.57,2,3,391.7932434,404.5314026,396.5235207,2.074563826,1718.488647,05QE,5QE-01
15-4250-55493,Delaney L.,1,12784265.51,38481.04,3,26,326.2866211,355.2706604,329.6285668,2.026818569,1707.552867,05QE,5QE-01
15-4255-56385,Upper Medicine Stone L.,1,10778008.16,43837.39,4,36,375.9463196,391.6464539,378.3892611,1.303504208,1554.50105,05QC,5QC-02
15-4269-56605,Hammell L.,1,8354784.76,46377.74,4,47,381.1828308,402.557312,387.2667778,1.820346335,1524.014422,05QC,5QC-02
15-4270-56011,Conifer L.,1,11385203.26,30418.13,4,17,347.8682556,379.8730774,350.4590545,2.261643483,1613.671114,05QE,5QE-01
15-4279-55138,Hawk L.,1,8886725.24,48722.27,3,49,378.1968384,393.6688232,381.4994295,1.540873256,1743.111847,05PD,5PD-07
15-4298-55335,Big Island L.,1,1291662.66,11972.85,3,18,394.0002747,401.993103,395.3207546,1.18901088,1724.630981,05QD,5QD-05
15-4304-57399,Pikangikum L.,1,60688725.17,230091.56,7,"2,396",320.5787964,343.0555725,325.3950485,1.470641945,1462.828255,05RC, 
15-4305-55763,Tide L.,1,13534412.14,45289.27,8,"21,339",316.4680176,335.1237183,319.2207133,1.166910743,1655.967058,05QE,5QE-01
15-4342-54693,Dogpaw L.,1,19751225.91,79117.08,6,886,317.0100098,335.3854065,326.2512925,2.279061114,1725.603294,05PD,5PD-01
15-4351-55357,Shrub L.,1,5518932.65,43376.26,4,92,386.9489136,403.1236572,395.3156488,1.708539268,1716.252842,05QD,5QD-05
15-4356-54806,Unnamed L. (NL_Kenora),1,1764548.61,13550.09,4,33,324.6639709,337.4506226,331.7268038,2.313054286,1728.286499,05PD,5PD-07
15-4356-57093,Kirkness L.,1,21471342.81,52857.89,4,34,376.9904785,400.9708252,379.3670815,1.288296029,1483.189221,05RC,5RC-06
15-4375-54620,Cedartree L.,1,5340760.82,33702.57,4,116,317.0100098,338.6192322,328.815636,3.55354328,1719.632019,05PD,5PD-05
15-4383-55582,Wolf L.,1,1115078.6,5380.99,4,34,324.2018738,338.7038879,325.6934069,1.918648742,1679.450562,05QD,5QD-01
15-4390-54514,Kakagi L.,1,110780754.7,421990.85,4,104,317.0100098,358.4111633,336.5876858,4.235516377,1714.336877,05PD,5PD-05
15-4390-55083,Porcus L.,1,5253792.79,19858.81,3,7,389.3544922,408.8297729,392.1500271,1.417762155,1727.215678,05PD,5PD-07
15-4395-54864,Dryberry L.,1,95094797.39,371461.29,6,349,342.6063843,357.6542053,347.8601524,1.589434144,1726.71175,05PD,5PD-07
15-4396-54165,Off L.,1,4462099.87,16430.73,4,40,350,361.2084961,352.0933756,1.283805179,1686.308228,05PB,5PB-03
15-4399-55286,Daniels L.,1,16325796.73,101182.45,4,53,396.7074585,416.5226135,402.5602531,1.497538447,1714.841046,05QD,5QD-05
15-4403-54276,Little Kishkutena L.,1,636862.7,7152.22,4,18,341.5467529,348.4768982,344.0210798,1.089935277,1694.79541,05PD,5PD-04
15-4414-56807,Little Vermilion L.,1,55023876.34,165254.79,6,"1,150",362.3171997,378.9518738,366.3329817,1.245130973,1498.205631,05QC,5QC-05
15-4417-55173,Windermere L.,1,933069.55,12289.94,4,27,393.5663757,404.1549377,397.0625254,1.606360948,1721.767456,05QD,5QD-02
15-4430-54221,Burditt L.,1,14522383.79,58740,5,195,347.4940186,358.9224854,350.2872661,0.725419495,1690.142681,05PB,5PB-03
15-4431-54685,Caviar L.,1,30974355.76,198300.42,6,878,317.0100098,336.3851013,327.3279957,2.445745717,1717.143712,05PD,5PD-05
15-4450-55883,Oak L.,1,41360925.3,141387.35,8,"28,847",318.8872681,341.7507935,321.208118,1.442274257,1625.39609,05QE,5QE-01
15-4452-55268,Little Gordon L.,1,1786130.19,6719.79,2,4,408.1096191,415.0955811,411.6792237,1.055010034,1710.993774,05QD,5QD-05
15-4470-55367,Canyon L.,1,17017271.1,94401.24,6,419,369.1888123,391.3912354,373.9149474,2.364125887,1694.489605,05QD,5QD-05
15-4479-54411,Katimiagamak L.,1,10882047.57,58706.09,4,24,360.48526,373.2955322,363.8372802,1.206369861,1700.852856,05PD,5PD-04
15-4487-55234,Augite L.,1,1068135.38,9378.22,4,18,389.6099548,400.8979492,394.3895004,1.618172249,1708.806274,05QD,5QD-05
15-4495-55118,Winnange L.,1,24423200.21,104200.92,5,122,365.3408203,387.9631958,369.3036162,2.087454143,1713.070306,05QD,5QD-02
15-4512-54200,West Jackfish L.,1,9027672.1,49603.49,5,76,349.7328796,361.0449219,353.1635214,2.597221457,1685.747571,05PB,5PB-03
15-4525-57350,Berens L.,1,26666363.92,112071.79,7,"3,420",325.2804871,343.2154236,328.7644682,2.006413282,1456.092925,05RC, 
15-4557-54838,Populus L.,1,8059429.57,85930,4,91,357.3503113,368.7828674,360.1864447,1.357155605,1708.865789,05PD,5PD-05
15-4562-54445,Schistose L.,1,3393134.71,22311,4,32,352.6030884,364.2571411,354.683332,1.261865511,1698.097127,05PB,5PB-03
15-4579-53993,Wasaw L.,1,1699199.23,8314.88,3,8,352.7961731,357.8184814,353.9350733,0.691501852,1676.362183,05PB,5PB-02
15-4589-56848,Coli L.,1,21186284.02,48875.57,3,13,408.6647339,424.8025208,410.2780413,1.077876631,1488.112803,05QC,5QC-06
15-4593-54629,Rowan L.,1,51348269.51,271639.44,6,356,338.6938782,353.6459961,343.0724434,1.944406484,1702.316311,05PD,5PD-06
15-4595-54375,Pipestone L.,1,36800445.2,223344.17,5,163,348.7471619,367.8212891,354.0159572,1.639633552,1691.991699,05PB,5PB-03
15-4602-54790,Atikwa L.,1,52301520.61,338004.77,5,245,352.1512756,369.1478577,358.1991904,1.238604866,1704.797536,05PD,5PD-05
15-4602-55724,Sup L.,1,6769279.91,20739.29,4,38,356.8730469,373.2255554,358.3368642,1.202456691,1638.766724,05QE,5QE-05
15-4606-55329,Edward L.,1,5591201.85,27722.72,5,65,374.538147,381.5496521,377.7017836,0.960718441,1689.788554,05QD,5QD-05
15-4610-54218,Calder L.,1,1016221.74,10228.01,3,6,354.6020203,363.7065125,358.0009112,1.179682498,1683.78,05PB,5PB-03
15-4613-57020,Nungesser L.,1,74270756.56,230887.58,5,225,387.9216003,402.6600037,389.4637029,1.243885678,1476.792735,05QC,5QC-06
15-4632-54287,Loonhaunt L.,1,21019661.42,97274.27,5,120,351.0062256,361.4673767,352.7596926,1.075806191,1686.440767,05PB,5PB-03
15-4640-55200,Aaron L.,1,574081.9,3761.19,0,0,389.6043396,395.3683472,391.4221898,0.808669513,1695.27,05QD,5QD-02
15-4642-55404,Eye L.,1,1306775.37,8560.78,1,1,330.3575134,339.3174133,334.2325669,1.365361248,1680.01062,05QD,5QD-01
15-4653-55440,Clay L.,1,27649597.27,93984.72,7,"3,323",320.0316467,333.3681946,326.2778806,1.235581465,1673.256061,05QD,5QD-01
15-4660-56220,Pakwash L.,1,86496835.73,161416.28,7,"5,020",338.9042664,359.4026184,345.1301089,0.969877361,1555.186892,05QC,5QC-01
15-4710-54335,Kaiashkons L.,1,20281853.75,52729.6,4,35,356.2041016,373.7313843,362.6406087,2.215477089,1684.751865,05PB,5PB-03
15-4725-54467,Bluffpoint L.,1,5068213.46,38828.44,4,14,365.5372314,373.8962708,368.0345575,0.968770438,1688.412567,05PB,5PB-03
15-4729-54570,Lawrence L.,1,20416288.7,109379.61,6,239,349.3879395,362.0974121,352.5401132,1.956049876,1690.967126,05PD,5PD-06
15-4741-57335,Silcox L.,1,8754944.54,23667.49,3,11,345.4199219,359.9719238,347.4362783,1.4512566,1445.080444,05RC, 
15-4745-54662,Priam L.,1,2851385.1,19784.74,4,34,355.6322937,363.2895203,358.2578865,1.009174165,1692.835612,05PD,5PD-06
15-4784-56717,Trout L.,1,345947247.5,704376.53,6,387,391.7094116,410.5368958,394.3130969,0.799396557,1496.200921,05QC,5QC-01
15-4785-54790,Tadpole L.,1,5238853.42,34791.54,3,8,389.4493408,396.5115356,392.5100362,0.670454422,1691.860555,05QD,5QD-02
15-4785-55574,Cliff L.,1,22400733.25,108422.33,4,67,366.61203,393.6248169,372.1854601,1.636244041,1648.765912,05QE,5QE-04
15-4880-55820,Wabaskang L.,1,60316334.72,183802.17,6,973,347.4877014,372.3669739,349.6957987,1.38324063,1606.51796,05QE,5QE-04
15-4894-56194,Wenasaga L.,1,18685880.09,32825.63,7,"1,877",356.7792969,370.4920654,357.3013411,0.912198163,1548.367368,05QB,5QB-08
15-4900-55708,Perrault L.,1,33060106.49,92083.16,5,459,353.978363,375.3130188,360.1568397,1.512142726,1623.134741,05QE,5QE-04
15-4919-56922,Blair L.,1,1261501.14,9546.45,4,30,412.2539978,424.3144226,414.5495299,1.455086267,1479.41,05QC,5QC-01
15-4943-54343,Vista L.,1,5602408.13,39093.62,3,13,389.9512329,398.8535767,392.4901866,0.897087065,1671.459131,05PB,5PB-06
15-4953-54441,James L.,1,1043767.6,13083.56,2,3,398.8430176,407.8075256,402.9707425,1.088891146,1673.918213,05PB,5PB-04
15-5000-58758,Sandy L.,1,484175953.7,857639.47,7,"4,419",267.3890076,296.6936035,272.207587,1.335911228,1338.714011,04CA, 
15-5023-54567,Lower Manitou L.,1,72309488.93,302647.67,6,468,367.0100098,399.9787598,370.9448754,1.507350337,1672.285833,05PB,5PB-04
15-5026-55337,Rugby L.,1,10206486.87,38539.62,5,186,356.0543213,370.9819641,361.0601562,1.3421183,1661.789252,05QD,5QD-04
15-5035-56302,Bluffy L.,1,24930983.34,86067.62,7,"1,784",368.9121094,386.2448425,373.2193754,1.127709166,1537.976537,05QB,5QB-08
15-5045-56849,Shabu L.,1,4711405.19,21624.8,5,376,409.9580078,424.4118958,411.4363243,1.334280771,1485.135783,04GA,4GA-09
15-5060-55643,Gary L.,1,1030347.28,5194.88,2,2,392.920929,405.7352295,394.5066734,1.324892499,1627.906616,05QB,5QB-01
15-5061-58179,North Spirit L.,1,66407665.55,194436.9,5,334,318.912262,334.6859741,321.1483924,0.920312833,1371.510776,04CA, 
15-5085-54773,Mountain L.,1,557075.93,5935.28,1,1,385.912384,390.4446716,387.9042742,0.662185562,1671.66,05QD,5QD-02
15-5085-55575,Thaddeus L.,1,15664216.8,21713.46,3,12,374.6357422,387.7455444,376.2097706,0.822484486,1635.31945,05QE,5QE-04
15-5089-59670,Lingman L.,1,5309130.91,32606.34,5,114,244.8034668,255.2094879,247.1588614,1.121438643,1282.08374,04AD, 
15-5100-54230,Otukamamoan L.,1,50439527.91,214849.06,6,494,353.9457703,367.2799683,358.0612903,0.994232585,1656.388039,05PB,5PB-07
15-5124-54968,Dore L.,1,9663804.51,39633.39,4,72,373.0618896,384.2520142,378.785373,0.968832694,1670.897488,05QD,5QD-02
15-5149-54725,Upper Manitou L.,1,41687110.35,167742.67,6,225,367.0181885,382.9014893,371.3482376,1.144997988,1667.740544,05PB,5PB-04
15-5172-54948,Godson L.,1,2608238.59,11590.47,4,36,381.9867859,392.4751892,388.2982839,1.638678073,1667.806722,05QD,5QD-02
15-5192-56320,Whitemud L.,1,9985299.98,32418.4,6,559,370.8250122,383.0429382,372.3846564,1.195003164,1536.343945,05QB,5QB-08
15-5209-57140,Wavell L.,1,8092853.23,18424.97,5,355,378.3552246,388.9855957,379.2921568,1.003734512,1454.700195,05RC, 
15-5210-56629,Confederation L.,1,41379887.2,264537.82,5,162,398.7744141,416.6777344,402.5677793,1.519869116,1506.963141,05QC,5QC-04
15-5213-56724,Premier L.,1,1528190.32,11991.93,5,173,394.0835876,407.8507385,395.8113573,2.060387689,1498.591187,05QC,5QC-04
15-5221-54041,Little Turtle L.,1,23140241.86,96572.46,6,"1,892",341.5167847,356.852478,345.9793533,1.094152839,1638.616862,05PB,5PB-10
15-5231-54423,Entwine L.,1,19512651.46,111462.48,4,68,389.0406799,399.0237427,391.7708294,1.125363935,1654.657786,05PB,5PB-07
15-5236-53978,Bad Vermilion L.,1,17969768.6,61756.97,4,19,340.5980835,356.9807129,342.887044,0.877269622,1638.893548,05PB,5PB-18
15-5241-55137,Thunder L.,1,11203381.45,20977.79,4,36,371.190033,378.1517334,372.8408926,0.793496619,1660.441002,05QD,5QD-01
15-5267-56886,Shabumeni L.,1,22020167.29,105304.73,5,350,391.6340332,409.5989075,394.2295613,1.397686276,1487.239219,04GA,4GA-09
15-5275-54864,Whitewater L.,1,1114301.13,7929.49,0,0,380.8018494,386.9280396,382.6044791,0.740038182,1660.803467,05QD,5QD-01
15-5276-57442,Willis L.,1,3564089.13,27202.01,6,527,371.7360229,386.4406433,374.748108,1.904995355,1423.564901,05RC, 
15-5282-55495,Mold L.,1,479967.05,4224.86,1,1,403.2631836,407.2470703,404.8287613,0.824010344,1638.070557,05QB,5QB-01
15-5290-56555,Uchi L.,1,11059512.65,91591.27,4,100,395.1070557,407.1748962,397.2238708,1.118025124,1513.286163,05QB,5QB-08
15-5293-55287,Gullwing L.,1,24544236.23,44918.72,5,103,357.9961548,369.2770386,361.6857147,1.337878133,1651.92576,05QD,5QD-03
15-5349-56812,Grace L.,1,4781736.27,33640.78,4,25,398.5140076,410.0059204,400.0527714,1.295827246,1490.93988,04GA,4GA-07
15-5365-57696,Tutu L.,1,3315897.51,19357.68,3,6,395.2575073,404.202301,396.4293258,1.066811687,1396.745209,04CB, 
15-5394-55901,Spruce L.,1,1147129.95,8078.84,2,4,387.5190125,393.7845459,388.3589685,0.973626352,1589.08606,05QB,5QB-01
15-5396-55107,Hartman L.,1,5175808.18,11737.59,3,6,395.6034546,402.131897,398.8646757,0.683739046,1652.036926,05QA,5QA-01
15-5413-55979,Birmingham L.,1,2675102.49,10790.77,2,11,374.9698792,385.2216797,376.4378645,1.311404819,1579.800476,05QB,5QB-06
15-5429-54280,Eltrut L.,1,22756712.4,90993.66,6,"1,033",366.8088074,376.9786682,371.672877,1.456794663,1636.742426,05PB,5PB-10
15-5430-56831,Superstition L.,1,2009627.07,14832.46,5,120,391.6650391,400.8196411,393.2095175,1.014691727,1489.132568,04GA,4GA-07
15-5433-56498,Jubilee L.,1,9785003.23,26493.96,4,73,390.3267212,409.331543,398.0701656,1.517615098,1518.201538,05QB,5QB-08
15-5452-56951,Birch L.,1,112820990.5,496827.73,6,898,390.4065247,407.1761169,393.19699,1.15505264,1479.49558,04GA,4GA-07
15-5463-55189,Big Sandy L.,1,38122407.5,56224.77,5,121,362.9640198,371.4941711,366.3170893,1.15641683,1646.995905,05QA,5QA-01
15-5464-53494,Lilac L.,1,2942745.76,8898.52,4,16,341.1625366,353.0215759,346.5539372,1.337235923,1614.509705,05PA,5PA-01
15-5464-56006,Wapesi L.,1,23536505.99,79580.23,5,231,372.3528748,388.9363403,374.4518898,1.394857487,1576.68465,05QB,5QB-06
15-5472-54633,Wapageisi L.,1,13077509.23,59611.62,4,30,406.7695923,412.3704529,408.8808186,0.718645802,1642.746521,05PB,5PB-11
15-5477-54774,Long L.,1,18295420.61,52241.64,6,596,370.7399902,382.8864136,374.7039121,1.301590169,1644.270005,05QD,5QD-01
15-5492-60415,Echoing L.,1,54233531.7,59900.61,5,88,183.4159088,192.6884766,184.1131095,0.381216101,1224.679158,04AE, 
15-5502-54176,Manion L.,1,11414817.11,34625.54,4,56,368.2986755,381.1447144,377.0262767,2.350495242,1629.869486,05PB,5PB-16
15-5503-53695,Captain Tom L.,1,1900924.77,13099.08,5,70,346.1344299,355.8529968,350.0441929,1.21001701,1617.789795,05PA,5PA-02
15-5503-54708,Stormy L.,1,34571175.32,119575.93,5,111,379.2983398,389.6058655,383.8905112,1.650505678,1642.883362,05QD,5QD-01
15-5527-53591,Thompson L.,1,9307272.18,43491.7,4,32,343.1540833,352.2748413,345.9649742,0.892844177,1613.081421,05PA,5PA-01
15-5537-54222,Pettit L.,1,11837263.33,37314.36,4,44,381.0064697,390.9908447,385.7085075,1.632470035,1629.447237,05PB,5PB-16
15-5586-54227,Sandbeach L.,1,6666211.91,18521.12,3,15,382.8983154,390.6952515,386.5783892,0.974188964,1627.196757,05PB,5PB-16
15-5600-54290,Mount L.,1,10174140.22,36555.31,4,36,381.5845642,391.2097778,386.291509,1.357997094,1627.704112,05PB,5PB-16
15-5605-56599,Jeanette L.,1,15906206.52,61669.85,4,63,403.0225525,417.5065613,406.3091615,1.025464492,1506.552926,05QB,5QB-08
15-5606-56722,Hailstone L.,1,5181889.12,54351.28,3,32,395.9128418,409.7595825,399.085168,1.732531102,1494.136251,05QB,5QB-08
15-5627-54632,Bending L.,1,11213597.05,59414.77,5,604,393.9289551,400.8575134,396.3851005,0.797106725,1631.536743,05PB,5PB-12
15-5646-55610,Bee L.,1,1463292.55,5558.62,1,1,365.6690979,369.9138489,366.7838799,0.825658325,1622.717773,05QB,5QB-01
15-5662-53769,Beaverhouse L.,1,19603076.1,86555.43,6,478,364.3718567,377.3408813,366.8666412,0.898946196,1609.701647,05PA,5PA-02
15-5670-54304,Grey Trout L.,1,13347677.51,56047.32,3,33,430.4247742,442.5870972,437.6301513,1.641745504,1623.841423,05PB,5PB-13
15-5670-55575,Richardson L.,1,1949923.18,9830.78,0,0,355.9296875,360.3573303,357.2919253,0.683274725,1625.816528,05QB,5QB-01
15-5676-54025,Calm L.,1,24150438.11,95980.45,6,"2,549",361.0734558,392.1450806,381.3190606,1.279549955,1618.022578,05PB,5PB-18
15-5684-54631,NL,1,1135558.35,5765.85,3,4,402.5641785,407.592926,405.015278,0.9467327,1625.817627,05PB,5PB-13
15-5688-53944,Factor L.,1,6421016.7,32635.56,3,11,408.6495361,418.7449951,410.4616424,0.814440691,1614.810791,05PB,5PB-19
15-5704-54143,Dovetail L.,1,5301614.71,47622.52,5,494,400.4367065,415.6083984,404.7605396,1.788462217,1619.338867,05PB,5PB-17
15-5704-54495,Dibble L.,1,10820401.49,73302.22,6,976,402.069458,414.9195862,406.9125099,1.664117553,1623.028537,05PB,5PB-13
15-5747-53824,Cirrus L.,1,22291475.44,124947.18,5,248,369.1413269,381.6448059,375.1580911,1.238780622,1604.640115,05PA,5PA-02
15-5751-58597,Nikip L.,1,55907858.06,59643.99,7,"2,068",280.869812,293.9025574,284.1921113,0.532184585,1309.651618,04CB, 
15-5752-55022,Unnamed L. (FMZ04_01),1,1104285.99,9640.75,2,3,424.0374451,431.5552979,426.9047708,1.267978272,1625.996948,05QA,5QA-02
15-5755-54281,Clearwater West L.,1,36001060.75,57641.2,4,67,420.0043335,434.0426331,425.7500805,2.077452985,1619.196842,05PB,5PB-13
15-5770-54220,Turtle L.,1,12125125.21,52755.43,5,391,428.0006104,438.729248,430.2953314,1.442166277,1616.481314,05PB,5PB-17
15-5782-55201,Amik L.,1,11648386.64,77452.76,4,60,389.6743164,396.7788086,391.788534,0.94267021,1626.034953,05QA,5QA-03
15-5787-53500,McAree L.,1,6635482.17,42073.54,4,21,361.4433899,371.5940857,363.8483754,1.043723295,1590.268121,05PA,5PA-04
15-5802-54916,Mud L.,1,1279884.82,7906.22,0,0,413.4017639,420.0726624,416.9845156,0.533858421,1618.52533,05QA,5QA-02
15-5808-56326,Otatakan L.,1,15228363.03,73667.45,5,190,383.9589233,401.3562927,387.6229168,1.673328016,1527.739787,05QB,5QB-04
15-5813-53685,Your L.,1,1630956.99,15900.77,3,10,391.3106384,395.3404541,392.9370218,0.549285773,1594.444824,05PA,5PA-03
15-5816-54402,White Otter L.,1,84726997.32,229891.84,5,314,410.3173218,431.9432983,416.4773785,1.819615372,1612.726114,05PB,5PB-13
15-5833-54665,Horseshoe L.,1,1037459.9,8476.41,3,6,469.1309814,471.1321716,470.1405487,0.354154781,1611.996582,05PB,5PB-14
15-5837-55088,Arethusa L.,1,7681712.33,40722.22,5,108,402.2721558,409.9638672,404.0617146,0.678284342,1618.031459,05QA,5QA-02
15-5842-54507,Nora L.,1,16129302.09,68470.65,4,36,419.833313,431.5753174,422.865983,1.686968132,1612.332879,05PB,5PB-13
15-5849-53998,Perch L.,1,6708527.26,34851.65,6,"2,290",378.1994934,388.7848816,380.5730004,1.185390329,1607.791504,05PB,5PB-18
15-5849-54406,Jackfish L.,1,1439123.78,7264.25,2,2,439.863739,445.004303,442.7772078,0.903195556,1611.23,05PB,5PB-13
15-5853-54894,Mameigwess L.,1,52433400.67,85280.74,3,22,402.1564331,420.7027588,406.8172332,0.788970732,1613.254659,05QA,5QA-05
15-5858-54247,Crowrock L.,1,18187286.89,120785.69,5,391,428.2433167,441.1236572,430.5795781,1.419772601,1610.239527,05PB,5PB-17
15-5866-55770,Expanse L.,1,8641553.18,37527.94,6,831,355.425415,377.1172791,362.0550365,1.699344019,1589.614246,05QB,5QB-01
15-5888-53453,Argo L.,1,9414267.48,44782.2,3,7,392.952179,403.0286255,396.2608541,0.995451292,1580.081543,05PA,5PA-04
15-5946-55139,Kukukus L.,1,41803127.57,166500.88,5,188,394.1843872,402.8371582,396.2920322,0.509826267,1606.820747,05QA,5QA-02
15-5948-55051,Heathwalt L.,1,8230081.12,29318.71,4,24,401.8200073,407.7559509,402.7401848,0.659834175,1603.469374,05QA,5QA-02
15-5955-54404,Sandford L.,1,29172146.89,77094.54,4,32,426.4959106,440.6149902,429.9927683,1.022511708,1599.217147,05PB,5PB-13
15-5958-53772,Jean L.,1,13443006.57,68089.74,4,31,379.1420898,387.4539795,382.5689724,1.017078178,1587.916858,05PA,5PA-03
15-5965-54891,Indian L.,1,40019164.48,82974.25,5,165,399.1005249,414.5520935,406.7382449,1.018406362,1600.582116,05QA,5QA-05
15-5970-53925,Abbess L.,1,1354103.54,13670.88,3,17,430.6074524,439.1276245,434.2103921,1.174402739,1595.009766,05PA,5PA-02
15-5975-53595,Poohbah L.,1,15287962.68,63728.1,4,34,370.8819885,384.1184692,379.2386767,1.057315713,1577.446582,05PA,5PA-03
15-5988-58262,Windigo L.,1,80334663.15,95461.18,7,"2,172",336.8610535,352.7017212,340.027135,0.688143886,1328.24753,04CB, 
15-6011-55383,Bawden L.,1,3756910.69,20608.64,5,80,391.6525879,396.5588684,392.8390875,0.68166919,1600.042664,05QA,5QA-01
15-6015-54420,Irene L.,1,14295438.1,37951.53,4,74,438.1065674,444.418457,440.0739953,0.637330193,1591.959251,05PB,5PB-17
15-6034-54181,Finlayson L.,1,14677157.99,85436.19,6,"1,680",404.5527649,418.7185059,407.9348047,1.475931001,1601.046922,05PB,5PB-18
15-6046-55042,Gooch L.,1,1452451.44,7177.06,3,8,407.6334229,410.8452148,408.5848651,0.306987601,1588.926025,05QA,5QA-04
15-6048-54975,Victoria L.,1,9267763.96,34328.3,4,14,415.2214661,421.6998291,418.230732,1.018045266,1587.842224,05QA,5QA-04
15-6049-54231,Bethune L.,1,1705258.83,22404.23,4,22,448.963501,455.1833496,450.245683,0.863418576,1596.385417,05PB,5PB-18
15-6052-53411,Sarah L.,1,9466439.76,50588.7,4,44,388.848175,404.697998,391.8397474,1.431433706,1562.207092,05PA,5PA-04
15-6059-54782,Little Sandbar L.,1,2184845.99,12534.33,3,10,414.8274841,418.8338928,416.6357768,0.599305802,1586.58728,05QA,5QA-05
15-6060-55787,Hik L.,1,1268509.76,12974.1,2,6,397.2671204,418.7462769,402.6100989,2.443204439,1568.570068,05QB,5QB-03
15-6065-54144,Marmion L.,1,43774407.51,278743.3,6,"2,812",407.1677551,423.8366394,414.1788165,1.572912996,1596.473183,05PB,5PB-18
15-6075-53504,Burt L.,1,7380661.24,40540.72,4,30,408.2206421,416.7949219,411.4777659,1.050635841,1563.631714,05PA,5PA-03
15-6076-54043,Rawn Re.,1,2108536.74,14829.27,3,13,402.0240784,412.4882507,403.8315792,1.072681289,1600.022064,05PB,5PB-18
15-6090-55164,Press L.,1,36560055.95,138034.93,6,"2,377",389.4989929,398.950531,393.7187152,1.009690451,1584.349172,05QA,5QA-04
15-6111-54547,Kay L.,1,3473202.85,29796.97,4,58,446.3341064,455.95224,448.4692848,1.019445138,1576.962077,05QA,5QA-06
15-6126-53450,Kahshahpiwi L.,1,5532438.34,45174.82,4,32,424.264679,435.8429565,426.3330857,1.565178665,1555.107605,05PA,5PA-05
15-6135-54228,Sawbill B.,1,17601308.78,105864.63,6,"1,589",407.8538513,424.6716309,414.1555098,1.231270806,1583.29541,05PB,5PB-18
15-6136-53934,Nym L.,1,18139180.32,120701.22,2,14,422.9526062,435.0747681,425.4622839,0.959124599,1577.167074,05PA,5PA-03
15-6137-55606,Marchington L.,1,21927501.3,135792.43,6,"2,159",359.2485657,368.5802612,361.6299056,0.951474294,1564.389231,05QA,5QA-01
15-6143-55885,Bury L.,1,4730792.69,23140.9,6,299,367.517395,383.2607117,369.4461684,1.688745246,1550.640015,05QB,5QB-03
15-6144-53765,Olifaunt L.,1,5576018.47,20459.62,6,501,376.2210999,383.1774292,377.7715571,0.763042737,1566.279687,05PA,5PA-03
15-6146-53867,Pickerel L.,1,53770958.95,271917.31,6,466,403.1409607,418.0255432,406.6580662,1.104078521,1561.295862,05PA,5PA-03
15-6164-54885,Cecil L.,1,15607699.9,23794.56,2,5,400.8311157,410.0884399,404.0602665,0.573258948,1570.00883,05QA,5QA-06
15-6217-55096,Wintering L.,1,16584432.64,64830.55,4,41,406.3655396,412.2365417,408.3364212,0.483288114,1562.784722,05QA,5QA-04
15-6217-56090,Carling L.,1,15563685.01,112812.99,5,121,380.2481079,396.1332092,382.8644182,1.544218563,1528.685276,05QB,5QB-03
15-6228-53450,Agnes L.,1,29938289.52,159096.99,5,124,410.5296021,430.1983948,414.4872991,1.365453291,1543.515684,05PA,5PA-05
15-6233-55269,Towers L.,1,1019603.83,7860.53,2,2,403.4690247,406.2195435,404.3341008,0.469044151,1563.83,05QA,5QA-04
15-6244-55581,Singapore L.,1,5962882.34,34244.23,6,"1,258",361.5314331,370.3129272,364.7020529,1.147018228,1556.696631,05QA,5QA-01
15-6250-53348,Louisa L.,1,7216271.2,33287.4,3,21,435.4887085,446.8587036,437.7348972,1.241584267,1538.97787,05PA,5PA-05
15-6253-53286,Sheridan L.,1,829398,8244.52,4,57,417.3738709,426.8613892,419.298783,1.327637812,1539.04,05PA,5PA-06
15-6263-53964,Crystal L.,1,6252922.1,19456.03,2,2,428.4073181,437.4604797,432.6633699,1.425219867,1557.133527,05PA,5PA-03
15-6286-56283,Churchill L.,1,39914856.18,216015.93,5,301,374.9955139,385.4367371,376.9938974,1.300121921,1500.417896,04GA,4GA-14
15-6300-55346,Penassi L.,1,14507484.68,60965.86,4,40,394.868927,403.4960022,397.1035014,0.590118408,1554.987625,05QA,5QA-09
15-6304-54898,Sowden L.,1,37400203.51,66710.5,6,"1,480",404.8730774,410.914093,407.5720651,0.674750629,1546.869022,05QA,5QA-04
15-6317-54251,Farley L.,1,682314.94,6847.63,3,4,422.181488,430.981842,425.5129805,1.260639224,1543.919128,05PB,5PB-18
15-6321-55100,Crystal L.,1,1157860.17,8122.27,4,40,424.0023193,425.8951416,424.7121156,0.223138727,1545.29,05QA,5QA-04
15-6332-53357,This Man L.,1,3236961.8,35744.9,3,34,439.7019043,453.4858398,443.3863542,2.067413818,1530.168416,05PA,5PA-06
15-6340-53970,Eva L.,1,17290769.94,69311.05,4,44,429.991394,436.7894287,431.5370247,0.551319853,1539.579834,05PA,5PA-03
15-6345-54482,Scotch L.,1,12576542.23,53050.93,4,58,459.3748169,467.4695435,461.6033444,0.784465745,1534.194906,05QA,5QA-08
15-6348-53492,McEwen L.,1,6645312.97,40995.82,4,51,415.8275757,429.9083557,421.8941963,1.754539535,1528.98997,05PA,5PA-05
15-6375-53394,Other Man L.,1,1783274.52,18771.34,3,9,440.9092712,451.7185364,444.7008536,1.398982295,1526.235718,05PA,5PA-06
15-6378-55460,Gibraltar L.,1,1094119.23,5763.57,3,15,407.5482178,410.0543213,408.5635294,0.395280975,1539.861572,05QA,5QA-09
15-6383-54085,Mercutio L.,1,16682904.75,129518.52,5,199,425.316864,433.2369995,427.2795238,0.736541588,1528.611871,05PB,5PB-23
15-6386-53456,Blackstone L.,1,1962907.33,19217.66,3,10,445.5039673,453.264801,447.4173377,0.547248967,1525.180786,05PA,5PA-05
15-6401-54050,Crooked Pine L.,1,16804387.17,86501.86,4,114,431.445282,443.451416,433.2819701,1.105947524,1527.733861,05PB,5PB-22
15-6444-55569,Davies L.,1,2484223.75,33461.22,5,67,393.5052795,401.4632874,395.7964162,1.033420657,1527.336182,05QA,5QA-09
15-6448-54598,Savoy L.,1,5560918.06,19959.86,3,6,449.6027527,452.8709106,450.9415258,0.427689801,1512.463348,05QA,5QA-08
15-6457-55062,Mattawa L.,1,17674363.85,80041.55,6,"1,024",430.9467163,439.3287659,433.7882072,0.811691508,1520.626936,05QA,5QA-04
15-6471-56202,Arc L.,1,5962904.97,42650.84,5,634,383.4700012,393.7496033,386.1743583,1.669295178,1490.560791,04GA,4GA-15
15-6493-54089,Union L.,1,2791976.32,18898.39,5,96,442.5021057,451.5223999,445.2753563,1.685405714,1510.105225,05PB,5PB-23
15-6500-55194,Bell L.,1,41728427.98,185769.85,4,63,429.6184692,437.7033997,433.4592704,0.899761878,1523.674672,05QA,5QA-09
15-6508-53496,Saganagons L.,1,25372801.96,192345.66,6,900,415.6714478,432.1906738,422.3653647,1.512540827,1509.686742,05PA,5PA-05
15-6523-56318,Miniss L.,1,67575960.78,408322.76,6,"1,064",370.2572632,387.4780273,377.1757083,1.697811806,1479.210801,04GA,4GA-15
15-6531-54804,Selwyn L.,1,9978076.25,59705.67,6,600,440.7745972,446.7071533,442.1753603,0.658000903,1502.780138,05QA,5QA-04
15-6578-54141,Bedivere L.,1,22368632.67,111402.99,5,86,443.6949158,453.1774902,446.7973085,1.432239814,1488.93682,05PB,5PB-23
15-6600-55380,Sturgeon L.,1,241380922.2,949333.56,6,510,403.4654541,421.5825806,408.7595736,0.879927312,1514.64407,05QA,5QA-09
15-6617-56410,Bertaud L.,1,4164723.11,43349.01,4,22,388.5084229,397.3848267,389.8629028,0.714563787,1465.921997,04GA,4GA-15
15-6620-56188,De Lesseps L.,1,35858138.44,200241.54,5,209,374.500946,388.9967651,377.5744821,1.277676159,1472.46033,04GA,4GA-15
15-6720-56440,Medcalf L.,1,9271171.09,49696.64,3,30,375.9639893,385.2631226,379.3035407,0.946140641,1453.497349,04GA,4GA-16
15-6723-53466,Northern Light L.,1,60971113.56,278586.75,6,510,435.7734985,448.4593811,440.7643355,1.081273857,1481.037527,05PA,5PA-07
15-6733-56270,Minchin L.,1,14028447.6,84851.03,4,122,379.10495,388.6359863,381.3865692,0.706774588,1459.047959,04GA,4GA-16
15-6742-56100,Fitchie L.,1,11541459.85,89972.6,5,108,396.9902954,403.5465393,398.8123101,0.633418795,1465.534912,04GA,4GA-16
15-6747-53842,Burchell L.,1,10453910.57,32483.59,4,30,434.0005798,443.7611389,436.7473237,1.051846677,1469.928655,05PA,5PA-05
15-6758-53944,Crayfish L.,1,5334961.72,47094.53,4,50,462.5848389,469.7309875,464.4889943,0.733328806,1465.133382,02AB,2AB-12
15-6767-55061,Little Metionga L.,1,6824412.06,28457.27,5,382,441.5341797,446.4938965,444.1456513,0.742975889,1472.886795,04GB,4GB-04
15-6775-54775,Wawang L.,1,19664603.62,55957.54,4,38,468.4902344,474.0629883,470.3566003,0.404886573,1465.370653,04GB,4GB-04
15-6795-56370,Hamilton L.,1,14362067.15,112959.49,5,334,379.4987793,384.8103943,380.4098235,0.477128877,1447.096629,04GA,4GA-16
15-6812-53794,Grouse L.,1,869953.17,6908.74,2,3,467.8052368,474.7696533,470.9601245,1.202223252,1464.230835,05PA,5PA-05
15-6815-53784,Watershed L.,1,1727732.97,8145.48,2,3,468.9159546,474.4321289,470.9111653,0.857950487,1462.997192,05PA,5PA-05
15-6824-55113,Metionga L.,1,20031263.55,92580.41,5,410,440.1585693,447.1940308,442.8576389,0.84734311,1471.275293,04GB,4GB-04
15-6825-55952,Savant L.,1,126953151.8,652451.71,6,408,392.4041748,403.7305603,397.054616,0.601965389,1457.709115,04GA,4GA-18
15-6827-54135,"des Mille Lacs, La.",1,243271140.2,814986.34,5,475,452.0278625,467.5637207,455.9074267,1.231807087,1446.623524,05PB,5PB-24
15-6828-53703,Nelson L.,1,6532479.15,19462.52,4,28,458.6530457,464.3067627,460.9030954,0.59965055,1463.801737,05PA,5PA-07
15-6832-53585,Titmarsh L.,1,9706928.08,21117.64,3,29,456.9807739,461.8799744,458.9228441,0.536052606,1467.211804,05PA,5PA-07
15-6843-53443,Sunbow L.,1,5507007.73,33255.63,4,30,468.8148499,475.9756775,471.4785226,0.735096252,1469.61969,05PA,5PA-07
15-6844-53328,North L.,1,8442104.46,28480.99,4,34,469.4063721,476.9023438,471.7752837,0.797733402,1474.022257,05PA,5PA-08
15-6863-55732,Heathcote L.,1,12661183.04,126791.81,5,165,407.0010986,415.9901428,408.970816,0.497472389,1461.061589,04GB,4GB-02
15-6867-53877,Upper Shebandowan L.,1,18983180.27,101910.6,5,407,446.7556763,454.6062927,449.6597498,0.881978348,1454.28942,02AB,2AB-12
15-6869-55111,Brightsand L.,1,10750021.36,37433.11,5,463,442.0424805,444.948822,443.0582229,0.359249962,1464.562195,04GB,4GB-04
15-6881-55875,Silver L.,1,1549523.87,17808.47,4,20,409.0281982,412.4475708,410.2010207,0.319977558,1454.453613,04GA,4GA-18
15-6889-55829,Smye L.,1,2887705.23,31198.24,3,16,408.2617493,413.5432129,410.2472252,0.436068235,1454.466003,04GB,4GB-02
15-6890-55500,Seseganaga L.,1,107071083.3,687232.43,6,"1,289",416.5848999,425.7128906,420.2281531,0.83069678,1461.855759,04GB,4GB-03
15-6895-56512,Pashkokogan L.,1,55166755.58,200853.3,6,"1,164",377.2362671,384.3521118,379.0762593,0.672820308,1435.555823,04GA,4GA-16
15-6904-53837,Greenwater L.,1,34136293.52,90044.98,4,62,450.1712646,458.3933411,453.9622943,0.950514208,1453.713661,02AB,2AB-04
15-6908-55246,Scruffy L.,1,2024017.29,13325.38,3,5,436.4933472,439.7436829,438.1580111,0.352559535,1462.70634,04GB,4GB-04
15-6908-56374,McCrea L.,1,40342219.14,192090.3,6,695,377.7048645,385.4421387,380.0578607,0.716131848,1438.309009,04GA,4GA-16
15-6910-53378,Addie L.,1,1165578.5,7790.7,4,16,484.8997192,490.9789734,487.4748171,1.105210644,1464.749634,05PA,5PA-08
15-6913-53983,Kashabowie L.,1,22245277.47,119411,5,311,454.9387817,462.4301453,458.0134591,1.207567397,1445.815387,02AB,2AB-12
15-6931-55274,Rude L.,1,5060260.17,38180.2,3,9,434.0307922,438.8103943,435.6252145,0.397797385,1460.381714,04GB,4GB-04
15-6958-53562,Weikwabinonaw L.,1,12460360.08,74067.19,5,128,459.5401611,468.5602417,462.6256327,1.131018339,1454.589216,05PA,5PA-07
15-6959-55251,Grassy L.?,1,4484810.25,37061.48,6,"1,107",425.8355103,436.846283,432.7129999,0.550321489,1455.882959,04GB,4GB-04
15-6978-59597,Big Trout L.,1,646557770.8,685417.06,6,"1,033",203.9134369,216.4090424,206.0110483,0.380767974,1146.545971,04CE, 
15-6979-53586,Jacob L.,1,1741309.95,10993.3,2,7,461.6613159,468.0114746,463.924307,0.932793145,1449.943298,05PA,5PA-07
15-6979-55108,Empire L.,1,6862423.55,41817.87,3,23,424.6420593,451.4160461,443.8304894,6.573970666,1451.766174,04GB,4GB-04
15-6981-54703,Pakashkan L.,1,38990346.71,167385.04,5,116,463.5297241,474.3035889,467.7801056,1.456366529,1440.070169,04GB,4GB-05
15-6985-55358,Harmon L.,1,28300030.81,174778.42,6,"1,107",412.2511597,432.3865967,423.6057281,2.370072558,1449.892027,04GB,4GB-04
15-6988-53913,Middel Shebandowan L.?,1,5495620.42,25151.83,5,438,445.8319702,453.4827576,449.4805388,1.170328039,1445.084263,02AB,2AB-04
15-7008-55644,Kawaweogama L.,1,35956205.74,135094.63,6,"1,647",408.8136902,413.936676,411.1195751,0.465948715,1446.10226,04GB,4GB-03
15-7020-53669,Blunder L.,1,1267897.25,6586.57,4,33,465,470.0604248,466.080148,0.643496269,1445.901245,02AB,2AB-11
15-7025-53379,Arrow L.,1,32203104.94,78146.5,5,135,454.1557922,478.6526184,462.1048805,1.530521008,1453.925945,02AA,2AA-03
15-7026-53901,Shebandowan L. s?,1,12360083.88,34651.43,5,438,445.7681274,454.4259033,449.0620884,0.922176008,1442.09405,02AB,2AB-04
15-7031-55216,Sparkling L.,1,12467917.93,83049.79,5,381,420.0966797,444.6602173,435.3846113,4.167480096,1446.606608,04GB,4GB-04
15-7043-56488,Greenbush L.,1,29474640.05,147124.31,4,48,378.0543213,385.8744202,379.6148524,0.706237513,1421.030222,04GA,4GA-16
15-7048-55476,Wapikaimaski L.,1,33129965.61,272816.34,6,"1,104",420.9735718,432.3674622,426.3782697,1.682455773,1441.972633,04GB,4GB-04
15-7050-54058,Athelstane L.,1,17683767.95,41780.13,4,78,463.6117554,470.7734985,466.1161975,0.980745219,1437.380669,02AB,2AB-12
15-7053-53459,Sandstone L.,1,7254951.87,19099.13,4,37,463.7527466,471.4271545,467.1290288,0.594146906,1448.800949,02AA,2AA-03
15-7067-53777,Kekekuab L.,1,5360296.49,21528.79,4,87,426.5137634,436.6170044,428.8526112,1.087649684,1443.323633,02AB,2AB-11
15-7080-54418,Ricestalk L.,1,2663850.14,6529.44,4,65,470.3063049,472.0234375,471.3436384,0.405410412,1426.618988,02AB,2AB-07
15-7085-54809,Loganberry L.,1,4291230.43,40134.21,4,27,455.0392456,464.6309204,458.0834465,1.271897286,1436.216919,02AD,2AD-23
15-7088-54764,Grew L.,1,2832032.19,29620.37,4,19,460.3605652,469.4018555,461.6782,0.995796603,1434.620361,02AD,2AD-23
15-7089-53866,Lower Shebandowan L.,1,22976235.65,81447.97,6,599,445.5777588,455.168457,449.1160386,0.994714359,1441.933627,02AB,2AB-04
15-7091-53688,Batwing L.,1,6167761.94,28496.28,3,13,462.0627441,471.4940796,465.7208835,1.013893917,1441.622046,02AB,2AB-11
15-7111-54802,Holly L.,1,3027819.22,18762.26,4,21,459.9966736,467.8348999,461.0487568,0.766023684,1434.008057,02AD,2AD-23
15-7156-54333,Muskeg L.,1,34975836.34,66554.39,4,111,468.9740601,475.4572449,470.3850748,0.513767275,1426.945689,02AB,2AB-07
15-7163-54881,Kearns L.,1,9340222.39,40504.57,5,96,452.0335693,458.7444763,453.1005967,0.642594225,1432.179949,02AD,2AD-23
15-7307-50900,Lac du Milieu,1,1212519.26,9007.08,3,6,463.7300415,470.0982361,466.0443644,0.82476908,1429.967651,05PB,5PB-01
16-2773-53446,Whitefish L.,1,28680033.28,35873.35,4,30,401.6103821,408.6747742,404.9004854,0.581360981,1437.34905,02AA,2AA-03
16-2832-54685,West Arm Armistice L.,1,1817758.08,20258.65,3,30,472.375824,474.7536621,473.4950814,0.415627762,1429.937378,02AD,2AD-24
16-2858-55459,Barbara L.,1,1032357.52,6950.75,2,3,441.6610718,446.8163757,442.5218693,0.390302724,1431.723267,04GB,4GB-04
16-2890-55711,Redhead L.,1,4234732.58,45516.86,4,47,407.1033325,420.7894897,409.7665862,1.191443819,1425.093852,04GB,4GB-03
16-2901-53647,Marks L.,1,394217.32,3735.86,2,2,503.3666992,505.9711914,504.0324088,0.430238456,1442.02,02AB,2AB-03
16-3020-56135,Wabakimi L.,1,45259872.49,167057.03,7,"2,561",353.3235168,371.903656,357.2921269,1.234991425,1402.653668,04GB, 
16-3069-55034,Holinshead L.,1,19721346.33,76467.11,6,677,412.2387085,419.368988,415.1583081,0.655999115,1419.296655,02AD,2AD-23
16-3076-55545,Sandison L.,1,3141701.64,29383.04,5,181,422.3074341,426.6583252,424.2273685,0.651768492,1405.344849,02AD,2AD-09
16-3103-54530,"des Iles, La.",1,15297815.33,86253.5,4,30,463.237793,471.5505371,465.2010048,0.856985548,1428.598737,02AB,2AB-07
16-3132-54041,Dog L.,1,143598868.6,345763.22,6,"1,440",356.3683167,431.0556641,418.0304538,5.617585303,1445.16309,02AB,2AB-06
16-3199-53954,Hawkeye L.,1,3753484.07,15017.36,4,83,402.5,432.5578918,422.0595351,7.745239528,1451.259196,02AB,2AB-06
16-3207-54488,Jolly L.,1,1019838.44,6993.49,2,7,443.4494019,448.7331543,444.7666881,0.644772523,1429.257324,02AD,2AD-04
16-3223-54503,Rinker L.,1,1221434.21,7682.49,3,40,440.5801697,451.540802,443.076173,1.222871509,1428.710815,02AD,2AD-04
16-3237-55525,Maggotte L.,1,1153232.53,8493.48,4,48,380.645752,384.7114258,382.6318957,0.880396025,1387.726318,02AD,2AD-09
16-3240-55701,Shawanabis L.,1,9470344.19,67809.14,4,81,370.0245361,376.4421997,372.2350604,0.806263985,1382.343452,04GB,4GB-07
16-3297-55263,Crevasse L.,1,1179578.21,9738.45,2,4,309.2960205,324.5660095,311.2128966,1.665961325,1393.57,02AD,2AD-06
16-3319-54724,Gennis L.,1,1127080.35,5154.64,2,2,416.1690369,421.8579407,418.9259393,0.944586983,1420.252441,02AD,2AD-05
16-3346-55390,Obonga L.,1,37341336.75,104619.48,6,944,290.5367432,309.8104248,294.7046455,1.613467751,1386.750754,02AD,2AD-10
16-3411-55531,Bukemiga L.,1,6396277.92,19937.52,5,438,305.1374207,316.5020752,308.5251355,1.514500504,1370.810364,02AD,2AD-09
16-3431-54406,Arrowroot L.,1,1447838.44,6630.02,4,78,426.1563721,432.0260315,428.8893848,0.825491689,1433.351135,02AC,2AC-10
16-3483-54344,Walotka L.,1,938517.11,4595.2,0,0,447.7128296,450.151947,449.3530587,0.485674595,1436.455933,02AC,2AC-10
16-3488-53829,Penassen L.s,1,412211.72,4540.21,3,10,443.938324,449.0551453,446.0557219,1.081601708,1446.341309,02AB,2AB-10
16-3492-57692,Totogan L.,1,27144833.31,77610.51,4,86,303.2666931,316.506897,307.0799932,1.073595405,1299.53798,04FA, 
16-3500-55543,Waweig L.,1,11525656.22,28336.27,5,184,305.1720276,313.5136108,308.5902913,1.300691691,1362.285492,02AD,2AD-09
16-3534-54692,Circle L.,1,3873242.13,12917.88,4,31,290.8511353,294.6574707,292.1732659,0.641908184,1421.97522,02AC,2AC-09
16-3557-55322,Cry L.,1,2449215.5,9148.32,0,0,306.1554871,315.4079895,309.2701319,0.973614967,1375.2441,02AD,2AD-08
16-3576-55491,Wabinosh L.,1,17274335.06,23138.13,7,"1,361",260.0524902,267.2315369,263.0548061,0.802863573,1361.091648,02AD,2AD-09
16-3593-54568,Muskrat L.,1,5034120.53,12849.2,4,62,276.4683533,280.5990295,277.7505517,0.472350769,1428.605933,02AC,2AC-10
16-3610-55699,Randolph L.,1,1260617.66,9691.19,4,37,313.1091003,325.3595886,317.337332,2.168147749,1339.261414,02AD,2AD-09
16-3634-54687,Black Sturgeon L.,1,49243688.61,76974.09,6,428,249.1779022,261.2818909,250.9362622,0.73993524,1424.05619,02AC,2AC-09
16-3637-55505,Camel Read L.,1,357383.2,3387.03,2,6,313.930603,327.288208,317.2973789,2.400826032,1355.47,02AD,2AD-09
16-3646-55478,Snowshoe L.,1,2290750.38,11241.83,3,15,291.1004639,296.3605347,293.2442194,0.929251589,1357.126994,02AD,2AD-09
16-3666-53602,Marie Louise L.,1,7725928.85,19299.64,3,16,224.3859253,230.3332672,226.7720816,0.939201949,1426.491804,02AC,2AC-03
16-3680-53921,Nalla L.,1,463273.65,3975.21,2,2,403.8972473,409.3981934,406.1557301,1.006483958,1430.87,02AC,2AC-02
16-3690-53967,Question Mark L.,1,265603.94,3742.45,1,1,440.7541199,446.0621948,442.6802476,0.753127224,1430.935181,02AC,2AC-02
16-3700-54335,Cliff L.,1,410678.5,3288.35,2,2,393.2738647,407.7468567,397.2669749,2.22255138,1435.51,02AC,2AC-14
16-3706-53956,Bisect L.,1,317393.42,6422.04,2,2,442.8305359,448.9048462,445.3857704,1.122750027,1429.06,02AC,2AC-07
16-3723-53954,Upper Hunters L.,1,251271.98,4923.48,2,4,442.6897888,446.4349365,444.0853071,0.76190607,1428.19,02AC,2AC-07
16-3744-54268,Unknown L.,1,746248.31,3455.35,0,0,359.7476501,366.5843506,361.3301083,0.907468975,1433.751343,02AC,2AC-14
16-3864-56799,Weese L.,1,15221583.22,67515.27,5,84,304.2866211,310.8677063,306.6468441,1.105450354,1324.957825,04GD,4GD-03
16-3884-54562,Frazer L.,1,19717012.76,42127.53,4,47,315.6836548,319.6343079,317.3720847,0.454981326,1428.259076,02AD,2AD-01
16-3964-54451,Purdom L.,1,2516368.19,18861.34,4,14,285.8282471,288.8310852,286.6442323,0.310886658,1432.544312,02AD,2AD-01
16-4137-58866,NL,1,27667257.15,216253.89,5,182,219.4741058,230.0477295,222.0739855,1.579752202,1177.263346,04DA, 
16-4324-56660,"I-291, L.",1,5554051.41,38893.76,3,5,286.2662964,290.6513062,287.3918771,0.346529164,1306.054077,04GD,4GD-14
16-4332-55499,Weewullee L.,1,551502.76,4436.78,1,1,331.8305969,335.8042908,333.2413242,0.55414607,1353.09,02AD,2AD-16
16-4348-54546,Kilgour L.,1,965680.87,8029.75,3,7,439.6091309,444.2262878,441.3590828,0.737235397,1371.580566,02AE,2AE-03
16-4359-55570,Frank L.,1,5125426.57,24040.03,3,13,310,320.8752441,311.507899,1.28373467,1349.309957,02AD,2AD-14
16-4420-54651,Barbara L.,1,23598518.38,106403.36,4,58,425.0223084,437.9804993,428.8491822,0.981142731,1364.617363,02AD,2AD-19
16-4433-55531,Elbow L.,1,3460437.64,31947.14,4,74,306,321.2640381,308.3907682,1.466655153,1349.222931,02AD,2AD-16
16-4450-54254,Buckaday L.,1,948445.46,10336.77,3,12,340.3476257,350.6042175,342.7530513,1.206966695,1340.227417,02AE,2AE-05
16-4521-55219,Pinel L.,1,857682.3,7905.42,2,8,328.0887146,331.3596497,329.8386257,0.927188991,1359.53,02AD,2AD-19
16-4548-54782,Parks L.,1,13472988.04,74869.04,4,137,414.7644653,422.0168152,416.37865,0.79008636,1354.576524,02AD,2AD-19
16-4566-55070,Beatty L.,1,6542286.07,39754.2,3,8,324.0355225,327.1141357,325.145745,0.529266148,1359.390693,02AD,2AD-19
16-4688-55390,Onaman L.,1,110937882.2,233345.45,4,29,330.4830017,340.0191956,334.8559533,0.992399136,1349.6328,02AD,2AD-16
16-4747-54847,South Beatty L.,1,2860143.14,17601.12,3,14,380.245575,383.0334167,381.2691475,0.494582954,1343.201009,02AD,2AD-19
16-4753-58628,Winisk L.,1,260953808.9,1032289.04,7,"5,121",191.9309387,205.408783,194.6258125,1.179883313,1176.979863,04DA, 
16-4802-54759,Wintering L.,1,17499776.04,69147.14,5,94,371.7229004,381.2733459,373.8980411,0.635595927,1332.863089,04JD,4JD-20
16-4824-54701,Wig L.,1,4116918.42,9809.31,3,7,380.1340027,383.3815613,381.0128682,0.424981655,1325.968433,04JD,4JD-20
16-4882-55089,Wildgoose L.,1,17236830.78,74298,4,60,338.5405273,349.0353088,340.789606,0.651951414,1349.99585,02AD,2AD-19
16-4995-54471,Catlonite L.,1,3268939.14,26189.38,4,45,353.5245667,367.8215027,362.0094446,2.082974009,1284.140137,04JD,4JD-15
16-5042-54260,Cairngorm L.,1,7009571.17,65891.32,3,27,353.1942444,368.7165527,356.0035461,1.376181286,1255.215454,02BA,2BA-05
16-5079-54800,Long L.,1,135066649.7,305174.07,6,580,309.0835571,334.8209839,313.5530819,1.260184162,1320.034761,04JD,4JD-15
16-5087-55041,Kenogamisis L.,1,42078007.21,185147.13,5,313,324.8612366,336.6774597,330.7201164,0.787995219,1341.829098,04JD,4JD-20
16-5188-55331,Burrows L.,1,17593437.55,54643.69,5,275,316.7840271,324.4794312,320.9938557,0.903315689,1335.634503,04JD,4JD-16
16-5406-54956,McKay L.,1,31475089.05,133385.73,5,126,318.0365906,329.7794495,321.338943,1.156819199,1309.197758,02BB,2BB-01
16-5412-54570,Kagiano L.,1,15309219.14,90162.72,5,152,307.855896,318.1430969,310.7993286,1.036553668,1278.055596,02BB,2BB-01
16-5494-59810,Wild Berry L.,1,21570781.97,43043.1,6,199,116.8802109,121.548996,118.1534463,0.248510692,1089.053507,04DC, 
16-5538-55350,Chipman L.,1,27043621.63,78638.29,8,"12,594",273.730011,283.2312012,276.9287008,1.029215362,1317.271835,04JD,4JD-01
16-5630-58465,McFaulds L.,1,9575147.24,15735.99,2,3,157.2561798,161.3266296,158.2623831,0.225410937,1171.684906,04FC, 
16-5657-55074,Pagwachuan L.,1,26821496.46,51207.39,4,70,278.9188538,287.2524109,280.8110847,0.711503711,1305.540568,04JD,4JD-06
16-5774-55353,Shacabac L.,1,7716529.49,21946.84,2,3,279.4433899,281.4930725,280.2391205,0.318282117,1307.233416,04JD,4JD-12
16-5818-55170,Klotz L.,1,7881556.72,26594.93,4,71,269.9242249,276.5353699,271.6923178,0.875983302,1302.628467,04JD,4JD-12
16-5856-60025,Shamattawa L.,1,11338089.65,73857.16,7,"2,136",85.97835541,94.06256866,88.3023107,0.813976327,1071.673762,04DC, 
16-6003-54025,White L.,1,60625441.53,176311.94,7,"2,071",314.6013489,339.4379883,327.2361887,2.019085932,1234.563105,02BC,2BC-01
16-6052-53171,Jackfish L.,1,417518.63,6135.19,4,33,349.2181702,358.7137451,353.8776195,1.892549895,1238.1,02BC,2BC-08
16-6053-54810,White Otter L.,1,4660385.02,20774.84,3,35,304.7518005,311.461853,307.8476514,1.253626621,1277.714742,02BB,2BB-09
16-6094-53522,Partridge L.,1,300475.97,2527.05,3,12,417.3656006,422.6820068,418.8327398,0.992909696,1225.49,02BC,2BC-08
16-6121-53610,North McCrea L.,1,1100206.18,5012.22,3,12,439.4489746,444.2765198,441.1842346,0.590041923,1225.425903,02BC,2BC-10
16-6192-53335,Ellen L.,1,982544.24,19217.19,4,27,432.0308838,438.866394,434.7563501,1.004300033,1232.415039,02BD,2BD-02
16-6225-54072,Kwinkwaga L.,1,8597289.48,51021.15,5,207,344.2600098,351.8497314,346.9137411,1.091646556,1242.065988,02BC,2BC-01
16-6284-60018,Pine L.,1,2988105.38,12914.52,5,331,106.0087738,113.7561417,107.5527146,0.923417635,1068.989624,04EA, 
16-6292-60223,Spruce L.,1,10715451.19,19946.07,5,290,111.5733414,117.4190369,112.4544473,0.395053317,1058.989202,04EA, 
16-6348-54346,Tocheri L.,1,8755395.65,30719.01,3,23,349.6255188,355.1020203,351.0259708,0.449745319,1260.553882,02BC,2BC-11
16-6398-54390,Shekak L.,1,7488433.58,25043.32,3,13,348.6872864,352.8414917,350.5711715,0.471996174,1263.81427,04JC,4JC-14
16-6420-54760,Nagagami L.,1,53799815.49,68341.86,5,559,293.7532349,299.6688232,297.2538689,0.76637265,1275.72007,04JC,4JC-11
16-6439-54864,Hiawatha L.,1,1609895.06,13190.71,3,7,301.4290466,305.8391418,303.5528196,0.740541458,1277.171997,04JC,4JC-11
16-6447-54048,Dayohessarah L.,1,11247115.19,38176.51,3,28,392.7954102,399.1814575,394.1890131,0.554066761,1252.238348,02BC,2BC-11
16-6450-53469,West Kabenung L.,1,8214116.16,59899.93,5,107,414.9500122,433.3686829,417.0584135,0.857447427,1239.105611,02BD,2BD-02
16-6497-54012,Strickland L.,1,2225839.23,24941.79,2,5,430.765686,436.4193726,432.8819032,0.749294347,1253.554403,02BC,2BC-11
16-6583-54325,"Placid, L.",1,1062770.53,6613.96,1,1,335.2521057,338.5780334,336.4458165,0.44962084,1269.509521,04JC,4JC-14
16-6678-52804,Gamitagama L.,1,1962818.78,18863.98,2,3,420.7741089,434.1991577,427.4261488,1.770124154,1321.047058,02BE,2BE-03
16-6678-54040,Nameigos L.,1,13440907.18,45901.75,5,130,349.334198,356.1350708,351.8412288,0.866703278,1267.762573,04JA,4JA-04
16-6683-54413,Haken L.,1,1188170.95,11577.31,3,13,316.1014709,319.4889832,317.2703536,0.358194189,1276.630981,04JC,4JC-06
16-6697-54829,Nagagamisis L.,1,24812871.25,69742.26,5,85,281.5854492,293.2378235,287.8850016,1.395202369,1281.9696,04JC,4JC-12
16-6699-53200,Wawa L.,1,6682662.38,22371.76,3,19,284.4090271,299.1554565,286.9360087,1.120134794,1258.910243,02BD,2BD-06
16-6710-52766,Old Woman L.,1,2667848.26,21439.68,3,15,367.3619385,378.0368042,370.1336429,1.152429569,1331.947083,02BE,2BE-03
16-6714-52922,Little Dossier L.,1,300420.27,6738.24,3,11,350.7556763,388.8652649,367.8266746,11.42123493,1303.172485,02BE,2BE-01
16-6718-52845,Mijinemungshing L.,1,5039040.48,35672.65,4,27,392.8356628,408.3772278,399.3609294,2.410334816,1317.749237,02BD,2BD-07
16-6727-53244,Lena L.,1,939559.13,6194.83,2,3,344.5497437,350.4543152,346.900178,0.843884192,1263.394165,02BD,2BD-05
16-6735-52992,Ear L.,1,656273.11,9853.23,2,4,352.7520752,371.3730164,361.582726,3.75555034,1292.967041,02BD,2BD-07
16-6806-52194,Upper Pancake L.,1,1026909.34,9199.69,3,6,354.3883972,359.8602295,357.6834483,1.053683846,1468.284668,02BF,2BF-04
16-6806-52259,Queminico L.,1,1113155.07,4705.66,1,1,318.3698425,329.5770264,320.3165415,1.004058186,1452.109497,02BF,2BF-10
16-6809-53004,Anjigami L.,1,11343951.26,41517.64,6,253,280.1393433,302.15802,285.7534485,2.184926279,1299.661208,02BD,2BD-07
16-6811-52113,Mamainse L.,1,1483901.24,8972.16,2,4,400.2563782,412.343689,402.888649,1.63381376,1486.610352,02BF,2BF-05
16-6823-52566,Kwagama L.,1,2108299.11,10887.86,3,8,391.1417847,403.855835,395.7966172,2.179769532,1389.241333,02BE,2BE-04
16-6829-52763,Radium L.,1,498331.16,8007.16,0,0,350.3083191,362.7096252,355.7372957,2.449708291,1349.350952,02BE,2BE-04
16-6845-52653,Vesi L.,1,390468.03,3296.88,2,7,325.3237915,331.9939575,327.4051868,1.037558652,1371.14,02BE,2BE-04
16-6855-52885,Sand L.,1,3550190.83,39934.99,4,52,370.1490784,386.7962036,375.1324229,2.162134348,1330.915161,02BE,2BE-04
16-6867-52661,Callahan L.,1,583942.07,6434.65,2,3,340.504303,354.3770752,348.7329943,3.810168153,1376.172241,02BE,2BE-05
16-6971-52177,Griffin L.,1,1603134.46,6716.54,4,28,326.293457,336.5905457,329.524435,1.303866747,1495.864258,02BF,2BF-05
16-6975-52452,Biff L.,1,355969.93,3425.12,2,5,430.5812988,439.0715637,431.9747822,1.120729798,1436.94,02BE,2BE-08
16-6991-54320,Cameron L.,1,22156372.54,32638.56,3,18,317.1281433,322.1071167,319.197562,0.340018017,1295.175909,04JA,4JA-02
16-7004-52204,Dick L.,1,1002533.38,11769.11,4,20,400.3904724,423.0635681,409.7321067,4.176989434,1494.776489,02BF,2BF-05
16-7046-52151,Adelaide L.,1,1721861.53,17441.55,3,15,350.5994873,362.6199341,356.231101,1.610247001,1512.902832,02BF,2BF-06
16-7098-52235,Quintet L.s,1,2413124.62,28840.57,3,15,394.5238342,401.549408,398.1747698,1.148431683,1502.562174,02BF,2BF-06
16-7100-51834,Sill L.,1,420384.67,3589.19,2,4,359.3548584,367.4768066,360.6241514,0.767009435,1588.14,02BF,2BF-03
16-7102-54270,Gull L.,1,1076444.29,5636.96,2,2,328.405426,330.574646,328.9416943,0.337092778,1306.2229,04JA,4JA-02
16-7122-53960,Tatnall L.,1,1504713.26,13590.28,4,30,367.4310913,372.1953125,369.250063,0.668883381,1307.698853,04JA,4JA-02
16-7134-51997,Achigan L.,1,2900946.14,11879.53,4,37,331.083252,339.0654602,335.3141222,1.614226771,1556.416626,02BF,2BF-03
16-7139-53538,Dog L.,1,53110411.72,241096.48,6,589,330.6506042,331.5706787,331.0519043,0.309162784,1314.673601,02BD,2BD-06
16-7153-52806,McEwen L.,1,961530.82,11017.72,2,3,450.4567261,461.9143677,453.7063055,1.457402233,1391.52,02BE,2BE-11
16-7186-51904,Weckstrom L.,1,292170.99,4473.63,3,4,323.8854065,334.6310425,328.5216942,1.532874679,1584.237549,02BF,2BF-03
16-7267-52208,Gavor L.,1,1287731.66,12007.07,3,8,416.9977417,422.130188,420.020203,0.903202772,1528.01,02BF,2BF-06
17-2752-51845,Devils L.,1,1960082.14,6673.81,2,6,306.7404785,320.1098938,309.8136145,1.286730043,1606.505981,02BF,2BF-03
17-2792-52332,Galloway L.,1,256801.8,4223.83,3,12,442.7530518,449.6781006,447.7494555,1.427390112,1509.06,02BF,2BF-05
17-2800-52265,Quinn L.,1,1371845.63,23657.59,3,16,435.0097351,442.5095825,436.4836104,0.890688747,1521.507568,02BF,2BF-05
17-2809-52215,Hanes L.,1,1379791.16,12746.47,3,8,432.0125427,441.292511,435.6323941,1.163850789,1534.415649,02BF,2BF-03
17-2822-52479,Caesar L.,1,488030.82,6816.7,1,1,434.5271606,440.5795593,437.0449465,0.85102148,1480.31,02BF,2BF-05
17-2837-53860,Woodosgoon L.,1,1199723.27,8955.67,3,9,400.2038574,404.2566834,401.3367165,0.565916527,1324.687744,04LH,4LH-06
17-2851-51570,McMahon L.,1,2237820.61,16274.19,2,3,290.4845276,307.5280762,294.1620484,1.728043362,1657.830933,02CA,2CA-11
17-2857-52221,Point L.,1,784269.16,7787.62,4,45,438.875061,449.674408,440.515357,0.832032883,1540.030396,02BF,2BF-03
17-2862-52249,Graham L.,1,1114412.93,7892.83,4,40,461.6420898,475.4654236,464.5733169,1.410659234,1534.94,02BF,2BF-03
17-2866-53707,South Greenhill L.,1,1096220.51,9261.05,3,6,374.8866577,380.9378357,376.5004149,0.903343782,1332.524902,04LH,4LH-04
17-2870-51459,Rock L.,1,10475829.54,22908.65,5,475,193.7789001,213.8227234,196.8353574,1.228298536,1672.947144,02CA,2CA-11
17-2880-52035,Saddle L.,1,1128931.54,8734.39,3,6,488.9704285,494.4075623,490.4669677,0.557937992,1579.250854,02BF,2BF-03
17-2880-52069,Ward L.,1,500748.14,4580.78,2,3,483.2259521,492.3858337,486.4411764,1.240757651,1572.72,02BF,2BF-03
17-2884-53030,Little Wawa L.,1,5250937.26,26885.21,3,12,443.4869385,450.3423157,446.9707958,1.087218911,1392.212964,02BD,2BD-09
17-2933-51822,Garden L.,1,1395832.93,7396.75,3,23,342.5,348.2797546,344.1561682,1.087844716,1623.290161,02CA,2CA-02
17-2953-54198,Lower Minnipuka L.,1,2532788.58,24796.52,4,70,329.7060242,337.6099548,332.0394332,0.975835891,1332.929118,04LJ,4LJ-04
17-2975-52266,Goulais L.,1,2421976.13,23990.47,5,192,470,483.5076904,471.6892259,1.216710417,1541.895996,02BF,2BF-03
17-2976-52164,South Branch L.,1,2012395.32,16836.58,4,25,480.1261902,486.1603699,482.0045958,0.891024162,1562.475403,02BF,2BF-03
17-3006-52333,Gull L.,1,1376879.98,14659.85,5,67,470.7042236,477.5020752,472.6976701,0.853453626,1529.537842,02BF,2BF-03
17-3006-53592,Missinaibi L.,1,81235787.23,260694.71,6,689,315.9047852,326.8786621,319.5585328,0.930653158,1356.078113,04LH,4LH-01
17-3014-51622,Shelden L.,1,1447474.49,8667.73,3,21,341.0022278,355.1676636,346.197109,1.701980794,1658.539429,02CA,2CA-11
17-3053-51969,Ranger L.,1,23133528.53,72530.92,5,106,433.0184937,446.6781006,435.8393855,0.926576891,1603.270483,02CA,2CA-02
17-3074-52158,Gong L.,1,3780896.35,33471.21,4,58,448.3184814,459.4742737,451.106991,1.093987894,1571.018726,02CB,2CB-02
17-3086-52062,Saymo L.,1,8452049.22,43110.87,4,53,435.4219666,447.697876,438.759455,1.085372414,1591.732457,02CA,2CA-02
17-3090-52347,Megisan L.,1,6142251.81,26076.44,4,114,451.7214966,460.5362854,454.471279,1.07099486,1533.09433,02CB,2CB-02
17-3091-51898,Penelope L.,1,1760438.99,9122.33,1,1,400.0540161,406.4515076,401.4775326,0.901240278,1620.596008,02CA,2CA-02
17-3094-52159,Anvil L.,1,910974.02,6199.36,2,3,460.0006409,464.4366455,460.9346983,0.689785071,1573.357666,02CB,2CB-02
17-3097-52494,Ninegee L.,1,467171.83,4346.33,1,1,484.9937439,494.9331665,487.667187,1.654038266,1509.04,02CB,2CB-02
17-3120-53099,Como L.,1,16090920.08,37198.43,4,26,454.9306335,459.7528992,456.9395599,0.64379466,1414.087257,02BD,2BD-09
17-3164-51328,Basswood L.,1,26892889.67,48478.48,4,20,198.4806061,223.7270355,204.9002127,2.532045156,1702.411861,02CC,2CC-04
17-3172-51540,Chub L.,1,1767649.66,12199.13,2,2,332.6777954,341.0299072,336.1837341,1.289739617,1679.542297,02CC,2CC-08
17-3191-51595,Wakomata L.,1,24792587.27,45506.64,5,90,309.703186,330.6056519,312.3892227,1.779444689,1673.391687,02CC,2CC-08
17-3202-52877,McLennan L.,1,758192.25,8486.21,2,4,450.6181946,457.3302002,453.1623865,0.952404583,1453.485474,04LE,4LE-02
17-3228-51260,Bright L.,1,12179305.2,26772.21,4,51,179.1828308,188.5395813,180.8379485,0.959302875,1711.39859,02CC,2CC-03
17-3280-52990,Borden L.,1,16460033.32,101898.54,4,56,421.9487,435.7124634,426.8365661,1.929079993,1445.947586,04LE,4LE-05
17-3290-51439,Constance L.,1,1190059.8,5154.82,1,1,245.5130768,254.587265,247.4058368,1.186575358,1698.761963,02CC,2CC-05
17-3323-51600,Castra L.,1,473671.37,5527.07,3,6,360.0883789,371.7585754,363.9391208,1.748118099,1681.256958,02CC,2CC-08
17-3334-53694,Bittern L.,1,994416.93,9119.57,2,3,334.8129578,339.9979553,336.5196803,0.879977504,1385.974976,04LH,4LH-05
17-3354-52393,Flame L.,1,1683649.6,14487.88,4,34,440.6860962,444.8208313,442.3412606,0.507540383,1550.778564,02CB,2CB-03
17-3360-51357,Little Chiblow L.,1,6434873.64,22501.26,3,10,227.1397095,242.5302582,230.2053303,1.260173088,1711.97731,02CD,2CD-08
17-3370-52303,Beak L.,1,1213627.35,17482.28,3,14,437.875061,452.6424866,442.2412237,3.138335008,1565.709106,02CB,2CB-03
17-3400-51692,Kirkpatrick L.,1,11146686.43,60749.82,5,137,378.1560974,406.5161743,380.879842,1.535495537,1673.174361,02CC,2CC-09
17-3423-51340,Chiblow L.,1,20003592.71,47346.82,5,223,226.8500977,239.1750793,229.7049285,1.120575141,1717.556147,02CD,2CD-08
17-3426-53189,Nemegosenda L.,1,18213177,26956.86,5,344,330.6605835,339.3368835,332.9715042,0.777880822,1438.068115,04LE,4LE-04
17-3432-51760,Duval L.,1,1661114.94,11788.01,4,33,418.3785706,423.5761108,420.2545641,0.645852208,1665.699626,02CC,2CC-09
17-3445-51613,Endikai L.,1,6205528.55,18399.43,6,352,250.3679047,274.1351624,254.0397919,1.73241868,1686.500793,02CC,2CC-05
17-3453-51907,Doehead L.,1,327782.27,4923.18,2,6,430.1957703,438.6430969,431.9983418,1.338863663,1643.758179,02CC,2CC-07
17-3457-51246,Cataract L.,1,1116919.43,7018.33,5,238,180.2393341,190.9711761,184.0847891,1.28242165,1729.977661,02CD,2CD-08
17-3525-51387,Matinenda L.,1,41368909.32,149329.84,5,199,229.0263977,310.3470764,233.1779592,1.894084569,1719.415569,02CD,2CD-08
17-3557-51418,Big Moon L.,1,5176030.57,17637.64,4,32,231.60672,255.5058594,234.7674347,1.703993989,1718.748718,02CD,2CD-08
17-3563-53717,Kapuskasing L.,1,18237396.06,45101.62,6,766,309.3928833,317.8839111,311.8640372,0.770907699,1407.609641,04LE,4LE-07
17-3582-51582,Astonish L.,1,788919.48,9318.18,2,2,417.9736023,424.5910339,420.3935914,1.009532736,1701.6,02CD,2CD-08
17-3592-51192,Lauzon L.,1,22023984.71,97037.06,4,41,179.9926758,204.6561279,182.3517697,1.983422736,1743.446544,02CD,2CD-05
17-3606-52610,Wakami L.,1,17732984.23,82337.71,4,42,440.0789795,451.4118347,443.1167163,1.279134798,1536.054581,04LC,4LC-04
17-3627-51660,Cobre L.,1,907274.98,4086.92,1,1,376.7166748,388.8985596,379.7281571,1.669887092,1692.78,02CC,2CC-05
17-3629-51531,Ten Mile L.,1,10331352.88,49452.87,4,28,369.122406,388.5168762,375.8882954,2.474397756,1710.770959,02CD,2CD-02
17-3631-51330,Rossmere L.,1,1203507.93,7397.14,3,13,248.6156006,257.452179,250.7691596,0.96002907,1731.348145,02CD,2CD-06
17-3678-51289,McGiverin L.,1,2752236.85,20025.91,4,34,231.1892853,244.1234741,234.4673859,1.600228423,1736.033142,02CD,2CD-06
17-3714-52934,Cree L.,1,5070882.72,27182.05,3,20,389.057251,394.2755432,390.9117188,0.71982191,1495.960815,04LC,4LC-04
17-3716-51254,Turtle L.,1,1502832.86,13525.4,3,16,240.1829987,250.8174896,241.5255863,1.330063998,1741.190552,02CD,2CD-04
17-3730-53082,Little Ridley L.,1,598470.67,8470.49,2,3,390.3968506,393.7868347,391.6219565,0.521638008,1478.333496,04LC,4LC-06
17-3736-53361,Carty L.,1,5693656.4,27984.5,4,52,351.3566284,356.0198364,353.0343102,0.505979206,1448.326636,04LC,4LC-08
17-3764-51679,Rawhide L.,1,9536369.48,31048.26,3,14,387.4096375,412.0201111,391.1028127,2.33757942,1694.544238,02CC,2CC-05
17-3767-53044,Rollo L.,1,8081994.77,26386.34,4,96,374.5218506,380.1158142,376.2825105,0.682478241,1484.535604,04LC,4LC-07
17-3788-53266,Ivanhoe L.,1,18811194.54,120952.92,6,632,335.388855,350.7251587,339.3602479,1.453037949,1459.857776,04LC,4LC-06
17-3790-55066,Zadi L.,1,6548260.32,15140.84,5,527,210.958725,220.2141418,217.9349445,1.862397182,1374.832153,04LL,4LL-01
17-3804-53044,Hanson L.,1,1596222.94,15934.95,4,105,371.8309631,382.5193176,374.3165967,1.191970023,1487.648682,04LC,4LC-07
17-3810-51468,Quirke L.,1,20683411.28,56977.99,5,226,337.824646,377.2947083,340.8495719,1.408260203,1721.178127,02CD,2CD-02
17-3812-51598,Alexander L.,1,369748.71,4829.93,2,2,432.342804,438.4246826,433.4603355,0.713555758,1706.88,02CC,2CC-06
17-3813-51443,Popeye L.,1,612220.93,6597.75,3,5,340.7574463,350.8754272,342.7633073,1.041269234,1724.069763,02CD,2CD-02
17-3844-53694,Sweetwater L.,1,668325.66,3775.9,0,0,333.0678711,335.5561523,334.0549157,0.392331531,1430.183594,04LC,4LC-06
17-3856-51190,Grassy L.,1,676053.17,5884.71,6,"1,111",186.4210663,196.2764282,188.2357274,1.388069483,1747.5,02CD,2CD-02
17-3860-51538,Geiger L.,1,885216.8,8698.01,4,73,374.0810242,389.7516785,376.086384,1.665722325,1714.395142,02CD,2CD-02
17-3874-51976,Bark L.,1,18918142.04,128906.28,5,315,441,451.9298706,443.9565672,1.54567713,1656.6063,02CB,2CB-01
17-3903-51589,Deschamp L.,1,960676.07,9723.55,3,23,417.9516296,430.3965454,420.2171795,1.300801821,1706.68811,02CE,2CE-09
17-3914-51928,Boumage L.,1,1114438.61,10033.51,2,4,460.5521545,466.9179382,461.7166598,0.905470928,1661.16,02CE,2CE-03
17-3943-51700,Spinweb L.,1,973142.94,8778.24,3,5,425.9005432,431.7787476,428.4747025,0.998505125,1692.614502,02CE,2CE-03
17-3974-51436,Whiskey L.,1,9899278.55,38390.06,5,340,301.5729065,317.579071,304.9127098,1.557245523,1720.688281,02CD,2CD-02
17-4010-53144,Horwood L.,1,52831006.03,195818.38,6,"1,446",328.8149109,345.8576965,336.4319108,1.674110048,1485.899946,04LC,4LC-02
17-4019-55121,Guilfoyle L.,1,7698664.8,16423.43,4,13,211.981781,216.1760406,213.7044563,0.51898902,1371.248832,04LL,4LL-01
17-4061-52742,Opeepeesway L.,1,20672938.38,95579.22,5,127,376.9832153,389.1783752,380.1665055,0.741271991,1546.238262,04LC,4LC-03
17-4145-52197,Indian L.,1,18186834.04,163949.56,5,139,404.246582,416.6308594,407.6474586,1.240959253,1628.777622,02CE,2CE-02
17-4148-52820,Rice L.,1,24795943.75,137608.97,4,32,378.0421753,389.925354,382.8498992,1.169361052,1539.869841,04LC,4LC-03
17-4157-51611,Klondyke L.s,1,1995303.66,20173.33,3,22,381.2393494,393.5661316,385.3551282,1.541350797,1701.886434,02CE,2CE-06
17-4175-51987,Mozhabong L.,1,18657652.18,126570.47,5,82,409.3267822,428.7362061,411.667758,1.429891959,1657.479784,02CE,2CE-02
17-4235-50696,"Manitou, L.",1,105942193.8,112609.13,4,24,220.1970215,243.2338104,226.0562138,1.982270658,1760.668735,02CG,2CG-09
17-4271-53064,Katagi L.,1,2533469.67,28475.91,3,20,391.4399719,396.0253296,392.9616507,0.758125105,1514.694417,04LA,4LA-10
17-4302-51759,Rushbrook L.,1,1737067.46,13277.96,2,3,423.9745178,434.0325623,426.5190872,1.308031777,1687.572083,02CE,2CE-07
17-4313-51958,Dennie L.,1,847522.23,9559.74,2,2,411.1479187,421.0684814,414.6750841,1.732577725,1665.35,02CE,2CE-02
17-4329-51689,S L.,1,449749.05,6175.76,3,8,410.0133972,412.6350403,410.6787071,0.367201291,1696.29,02CE,2CE-02
17-4339-53837,Fortune L.,1,1115741.16,4935.29,0,0,314.0072937,316.4112244,315.074444,0.321956189,1445.82959,04LC,4LC-02
17-4340-52773,Mesomikenda L.,1,17004923.99,127091.74,5,245,359.3999023,374.2002563,362.8224821,1.467235073,1553.352729,04LA,4LA-10
17-4352-52392,Ninth L.,1,843428.54,6290.99,5,152,374.3872986,387.2354431,376.1808714,2.068596565,1603.582886,02CE,2CE-02
17-4364-52017,Pogamasing L.,1,15690208.34,89163.66,5,102,370.1397095,386.0012207,373.8969901,1.615400399,1663.238656,02CE,2CE-02
17-4372-52874,Makami L.,1,1791894.36,27960.1,5,259,354.1519165,361.6762085,356.2438216,1.009362444,1546.14856,04LA,4LA-09
17-4414-51336,Agnew L.,1,29425424.3,196966.35,7,"3,315",256.4668884,277.23349,260.9077524,1.47066495,1713.018161,02CE,2CE-02
17-4485-51124,Lang L.,1,3939042.27,34673.47,6,275,212.2061005,223.8925629,215.8945414,1.79797132,1713.95992,02CH,2CH-05
17-4529-52150,Lower Muldrew L.,1,793576.99,15061.49,5,104,410.0894775,423.5693665,412.4772976,2.327858273,1644.04,02CF,2CF-16
17-4549-51263,Wabagishik L.,1,5900754.62,25211.71,7,"2,578",202.6771698,215.4345703,206.7333875,1.592894322,1712.43512,02CF,2CF-07
17-4553-53202,Indian L.,1,536745.32,4671.1,2,4,347.4447632,351.0945435,348.6476182,0.624474709,1513.278442,04LA,4LA-04
17-4561-50068,Cameron L.,1,1589709.59,7573.8,2,4,190.5719604,190.5719604,187.7175173,0.286408506,1767.089783,02FA,2FA-05
17-4572-54649,Legault's L.,1,251852.64,3688.23,1,1,239.7994537,244.9690094,241.9486381,0.956081311,1409.63,04LB,4LB-01
17-4583-50085,Cyprus L.,1,742511.62,5044.15,2,4,188.6284943,188.6284943,186.4835341,0.449821263,1764.94,02FA,2FA-05
17-4591-53367,Kenogamissi L.,1,24857240.83,129213.96,8,"14,699",300.3965149,318.9633179,310.9762014,2.664508604,1487.942764,04LA,4LA-01
17-4608-51161,Walker L.,1,3508773.55,19997.87,6,261,214.3966675,224.5909576,216.4579384,1.226098553,1708.358124,02CH,2CH-05
17-4614-51736,Green L.,1,445406.25,5715.94,1,1,421.3714294,432.4506531,425.0284832,1.695520176,1706,02CF,2CF-16
17-4620-52125,Onaping L.,1,66258119.32,547088.69,6,394,400.397644,415.4134827,403.8209264,1.137539806,1659.306667,02CF,2CF-16
17-4665-48812,Silver L.,1,595835.28,4671.06,3,7,279.0210876,279.0210876,275.815523,0.524734386,2018.246826,02FC,2FC-06
17-4689-49939,Miller L.,1,3174097,12063.36,3,7,202.9165192,202.9165192,198.4723328,0.964591128,1798.304626,02FA,2FA-07
17-4702-52245,Kalaco L.,1,889313.6,10076.57,4,98,391.8775024,399.0223999,394.0705955,1.080505716,1641.664917,02DA,2DA-02
17-4713-52126,Scotia L.,1,7622347.11,53922.74,4,68,395,407.8135681,397.0352719,1.520856674,1662.769479,02DA,2DA-02
17-4728-52266,Oshawong L.,1,1085163.45,8820.93,4,101,390.3827209,397.8473511,393.3032385,1.422695404,1639.638306,02DA,2DA-02
17-4736-50056,Gillies L.,1,2173328.72,11728.14,3,5,224.9201202,224.9201202,221.1961571,0.676861616,1782.198608,02FA,2FA-04
17-4743-51217,"Panache, L.",1,80369251.41,391620.67,6,245,218.8809052,235.0948486,222.6777366,1.217870287,1708.270919,02CH,2CH-05
17-4759-52050,Rome L.,1,2305704.91,24608.96,3,15,420.3400574,429.6474304,422.9687443,0.953643904,1675.254598,02DA,2DA-02
17-4773-53267,Muskasenda L.,1,4819225.86,30249.51,4,21,329.7608643,338.1159058,332.0400782,0.990617535,1511.920939,04LA,4LA-02
17-4810-51976,Venetian L.,1,10334235.24,103024.38,4,33,414.6542969,421.3782654,416.5065349,0.534757847,1690.812229,02CF,2CF-16
17-4820-49523,Boat L.,1,5421202,13404.28,5,114,188.1135712,188.1135712,186.0595059,0.576861467,1895.428784,02FA,2FA-11
17-4822-49331,Chesley L.,1,2088211.74,8656.67,2,4,228.9976501,228.9976501,223.4387294,2.035358877,1971.310059,02FA,2FA-09
17-4823-52210,Avery L.,1,1542465.74,15728.35,3,7,410.4751892,415.4845276,412.9744008,0.852650626,1656.87146,02DA,2DA-02
17-4840-51983,Little Venetian L.,1,723380.46,7167.49,2,3,422.479248,429.9449768,426.7685816,1.146081458,1692.992188,02CF,2CF-16
17-4857-47670,Fanshawe L.,1,2329316.67,13377.89,6,"1,063",268.1893311,268.1893311,262.0676513,2.99817083,2243.586914,02GD,2GD-05
17-4919-52573,Chrysler L.,1,859463.49,7973.56,2,2,381.694397,387.1643982,384.5609239,1.064301192,1605.955078,02JD,2JD-08
17-4925-52070,Helen L.,1,3091087.26,22450.24,4,16,406.5345459,410.9879761,407.4648185,0.498824792,1687.272583,02CF,2CF-07
17-4930-52197,Little Burwash L.,1,951255.73,7646.09,3,7,392.5331116,395.2703552,393.4334873,0.371008946,1663.196777,02DA,2DA-05
17-4935-53022,Dumbell L.,1,1744916.93,10452.46,4,32,343.3999939,348.7271118,345.0901648,0.85373615,1545.018494,04LA,4LA-03
17-4936-51883,Bigwood L.,1,2784860.3,21365.93,4,33,361.975647,372.2631531,366.725731,1.878016095,1712.528117,02CF,2CF-07
17-5018-53686,Night Hawk L.,1,108646248.7,179073.21,6,953,272.8852844,282.2516785,274.262461,0.817065222,1483.560469,04MD,4MD-01
17-5026-52889,Duncan L.,1,9921743.85,76667.08,4,116,322.7989807,337.0575562,325.1316236,1.296345678,1563.980902,02JD,2JD-10
17-5046-53895,Frederick House L.,1,38588860.68,34351.85,6,"1,813",270.3034363,278.619812,272.0526234,1.092463985,1466.867535,04MD,4MD-01
17-5149-54886,Montreuil L.,1,5043196.91,26358.22,6,"1,059",247.3335114,259.2077026,252.4759943,1.982987968,1383.505229,04ME,4ME-16
17-5179-52567,Okiniada L.,1,941138.41,5219.78,2,2,420.4623718,429.9456177,423.8704886,1.163602765,1618.031616,02JD,2JD-08
17-5180-53389,Radisson L.,1,5569249.04,23451.47,4,18,318.8349609,330.1888733,320.8538384,0.817194739,1511.446126,04MD,4MD-06
17-5191-51772,Wanapitei L.,1,132168802.9,141943.46,6,"1,343",261.6237183,284.9739075,266.6074741,1.962564066,1733.734784,02DA,2DA-01
17-5196-53085,Mistinikon L.,1,12347053.72,109290.04,6,842,315.1956482,329.2234802,319.8969763,1.562018376,1544.453259,02JD,2JD-08
17-5202-54735,Humestone L.,1,946714.37,6345.14,4,41,266.0466614,269.9138489,267.5275094,0.637366026,1398.002686,04ME,4ME-16
17-5208-55103,Sand L.,1,1436674.05,11074.61,4,11,265.118103,270.5639954,267.2588809,1.025340406,1363.383301,04KB,4KB-11
17-5215-48384,Conestogo L.,1,6008162.45,42187.05,5,619,395.7095337,395.7095337,389.6313242,4.022840601,1989.248169,02GA,2GA-06
17-5240-51985,Chiniguchi L.,1,11105250.78,83792.2,4,36,305.7893372,321.4165649,313.9020701,2.030599395,1707.210793,02DC,2DC-02
17-5265-52901,Shillington L.,1,1188472.23,11178.02,4,111,312.7255554,322.0527649,315.1154968,1.302229814,1573.718872,02JD,2JD-06
17-5274-52242,Rodd L.,1,318320.6,2712.97,0,0,356.0023193,361.6289673,357.1219317,0.673091649,1668.31604,02DC,2DC-01
17-5289-52606,Shack L.,1,1653632.93,8248.17,3,7,390.1068726,395.5759583,391.2129225,0.644661478,1613.943726,02JD,2JD-08
17-5310-52621,Island L.,1,315881.11,3294.27,2,3,393.2067871,396.4265137,394.2241645,0.656859009,1613.4,02JD,2JD-08
17-5312-52592,Carmen L.,1,213126.12,2837.77,1,1,390.0983887,393.7044373,390.6147176,0.437850445,1617.6073,02JD,2JD-03
17-5314-53425,Watabeag L.,1,20466999.33,90475.15,5,89,310.6989136,329.6586914,316.6690373,1.399048291,1515.672141,04MB,4MB-04
17-5330-51961,Rawson L.,1,1646387.59,12258.09,2,5,300.0046692,307.2497864,301.1298457,0.772816193,1708.000977,02DC,2DC-01
17-5344-51754,Kukagami L.,1,18755973.05,112358.81,5,40,271.2773438,286.2200012,276.4240806,1.47363633,1729.95708,02DC,2DC-02
17-5352-50862,Gurd L.,1,972711.56,10347.36,2,2,184.4147797,190.6355438,188.0309452,0.893604058,1722.612793,02EA,2EA-02
17-5370-51830,Donald L.,1,5030971.79,30981.68,3,16,269.5756226,279.6091614,271.2883131,0.749216579,1723.374707,02DC,2DC-02
17-5384-50622,Giroux L.,1,1210563.91,13489.9,5,65,189.557251,189.557251,185.2536605,0.748170995,1750.300781,02EA,2EA-04
17-5430-52549,Makobe L.,1,20172015,78052.78,4,28,357.2741394,369.7268066,363.6899816,1.775388875,1626.179135,02JD,2JD-04
17-5515-51958,Emerald L.,1,5822802.24,33428.7,2,4,309.5939941,323.6957703,312.8180549,1.539067428,1707.278117,02DC,2DC-01
17-5521-55108,Little Kesagami L.,1,5134188.82,17546.35,3,6,296.773407,300.0595703,298.0349985,0.363196515,1363.615601,04NC,4NC-01
17-5535-48461,"Belwood, L.",1,5239359.18,24694.28,6,578,426.1134338,426.1134338,420.2927917,1.374939066,2019.585536,02GA,2GA-01
17-5547-55801,Kesagami L.,1,170712027,203817.38,5,486,258.5889587,269.7514343,262.0815473,0.568558051,1295.062743,04NC,4NC-03
17-5552-52523,Anvil L.,1,2181916.27,13443.82,4,33,304.0252075,308.4690552,305.7515748,0.822272037,1630.657471,02JD,2JD-03
17-5565-51124,Mercer L.,1,588577.11,9423.99,4,60,192.1983032,200.5648041,195.0378102,1.940565114,1730.67,02DD,2DD-01
17-5577-51311,Bear L.,1,636718.09,9488.23,5,84,195.6173248,200.9862823,196.8030492,0.788726315,1742.083984,02DD,2DD-08
17-5580-52276,Diamond L.,1,9559178.86,56632.83,4,58,285.7791443,302.35672,289.661505,1.358938763,1664.602271,02JD,2JD-02
17-5585-50777,Smoky L.,1,1947696.76,25533.62,3,24,219.1738434,219.1738434,214.4064439,1.13004764,1760.84375,02EA,2EA-09
17-5590-54756,Wasicho L.,1,1683889.67,9743.47,4,25,298.8999939,303.1747742,301.0388259,0.820530508,1396.418884,04ME,4ME-17
17-5601-51477,Deer L.,1,3024345.78,18060.21,4,42,230.7402039,237.078949,232.8011019,0.842525221,1741.104248,02DD,2DD-10
17-5608-52396,Lady Evelyn L.,1,66692148.51,307722.95,6,597,281.8374939,300.1491089,287.0326137,1.632612597,1642.953123,02JD,2JD-02
17-5662-55201,Lawagamau L.,1,25712213.62,61219.06,4,118,296.4100037,300.0334473,297.7689309,0.454813667,1356.207355,04NC,4NC-02
17-5694-55282,"20J-33, L.",1,1716349.58,11212.72,0,0,310.1940002,312.9372864,311.8607204,0.529197114,1347.937378,04NC,4NC-02
17-5700-52061,"Temagami, L.",1,208446929.3,883608.71,6,616,288.993042,310.6327515,291.7127888,1.296432825,1693.479093,02DC,2DC-06
17-5717-53183,Round L.,1,11835528.37,20140.34,5,246,269.2909546,275.6936035,271.9828997,0.582727213,1550.814697,02JC,2JC-01
17-5732-51489,Muskosung L.,1,3238677.97,15474.62,3,10,239.3119507,247.7044983,240.3502647,0.571885575,1745.802856,02DC,2DC-01
17-5733-52151,Kokoko L.,1,5440769.12,29425.41,4,25,293.3286133,303.232666,296.3682581,1.252242609,1680.441935,02DC,2DC-06
17-5735-54944,Burntbush L.,1,1281165.4,10204.19,5,144,281.3325195,282.6929321,281.7459182,0.241046438,1381.741272,04NB,4NB-01
17-5740-52232,Red Squirrel L.,1,3951022.88,23261.79,4,90,307.2913208,317.8495178,310.2016705,1.001787554,1669.867594,02DC,2DC-06
17-5748-51919,Aileen L.,1,1569469.01,10029.34,3,6,294.5602417,304.6390076,297.6181847,1.230280013,1707.807861,02DC,2DC-06
17-5770-51258,"Nipissing, L.",1,832778890.8,888182.34,7,"7,587",187.4729309,210.3419189,193.7439904,1.716676654,1765.214832,02DC,2DC-01
17-5787-52433,Kittson L.,1,813202.13,8751.63,3,10,295.0061951,297.8295593,295.5776766,0.388775096,1644.83,02JD,2JD-01
17-5788-51912,Cross L.,1,17457423.11,130438.1,6,680,290,305.8815002,292.0720473,1.661060142,1708.813147,02DC,2DC-06
17-5799-49262,Jacks L.,1,257878.86,4082.87,7,"2,498",179.6810761,179.6810761,176.9973359,0.381569656,2022.99,02ED,2ED-09
17-5812-51735,Red Cedar L.,1,23115526.44,148765.52,6,"1,234",275.3587646,287.2177429,277.9958547,0.808255064,1724.385597,02DC,2DC-06
17-5814-49627,Farlain L.,1,1095527.09,6775.52,0,0,209.7864075,209.7864075,207.9239993,0.541608869,1980.825684,02ED,2ED-16
17-5827-52344,Anima Nipissing L.,1,19283681.02,111508.17,4,53,330.6451721,342.7733154,334.4625187,1.24801599,1655.399037,02DC,2DC-06
17-5833-50403,McKellar L.,1,897047.34,9717.73,4,42,247.0030823,247.0030823,241.0907727,0.775607418,1818.398193,02EA,2EA-14
17-5842-51980,Wasaksina L.,1,5902817.21,44818.65,3,28,302.1941834,312.722168,306.5618216,1.431025745,1698.598319,02DC,2DC-06
17-5845-51854,Hangstone L.,1,3665842.74,21390.98,3,30,281.924408,290.5932007,285.8044279,1.807511479,1712.167664,02DC,2DC-06
17-5851-53899,"Abitibi, L.",1,771845459.5,786651.23,7,"2,387",257.7984009,271.185791,265.1200765,0.855642339,1468.782985,04MA,4MA-01
17-5852-52035,Driftwood L.,1,892520.19,18041.14,3,9,305.2701416,310.6266479,307.4411602,0.718633664,1692.152466,02DC,2DC-06
17-5879-50852,Cadden L.,1,416124.11,4342.98,3,6,223.0115356,228.7612152,225.5836948,0.915647537,1787.07,02DD,2DD-14
17-5942-51055,Clear L.,1,2667877.32,22235.33,3,20,207.2295837,220.819519,209.4172929,1.472741364,1786.453857,02DD,2DD-06
17-5962-53128,St. Anthony L.,1,4960867.36,16549.41,4,15,284.8510132,295.1875,291.1391632,1.108716511,1566.416443,02JC,2JC-04
17-5970-52137,Cassels L.,1,7812093.2,54292.69,5,251,283.6991577,293.9722595,287.3073209,1.409005661,1686.185242,02JE,2JE-15
17-5971-50688,Big Deer L.,1,1619109.63,17529.89,4,64,296.5189209,296.5189209,292.3814801,0.82264186,1786.503357,02EA,2EA-17
17-5972-52300,Rib L.,1,6775747.31,35374.11,4,35,307.1160889,318.1182251,310.7161033,1.268553714,1669.22229,02JE,2JE-15
17-5998-50031,"Joseph, L.",1,51854122.78,200812.41,5,112,237.6515656,237.6515656,224.7472514,1.234888326,1813.460496,02EB,2EB-05
17-6007-51793,Wicksteed L.,1,15033490.93,115097.81,5,187,283.7436218,318.4518738,288.138263,1.783267126,1718.672212,02DC,2DC-07
17-6010-53265,Larder L.,1,36919464.49,102183.56,5,170,283.286438,291.3768005,286.340005,1.016741789,1557.666827,02JC,2JC-04
17-6016-49633,Little L.,1,3906301.28,33805.88,8,"9,079",182.8061981,182.8061981,132.6371472,53.02470224,1946.800618,02EC,2EC-18
17-6026-49666,Gloucester Pl.,1,12391706.54,81225.49,8,"9,038",185.5642548,185.5642548,138.4329609,49.67023483,1926.357677,02EC,2EC-18
17-6031-52053,Rabbit L.,1,21171130.15,123241.78,5,416,280.5169067,300.2744446,286.037665,2.411678685,1698.96731,02JE,2JE-15
17-6058-49199,Little L.,1,2261839.58,8206.54,5,129,229.9772797,229.9772797,229.1125969,0.219776828,2023.735138,02ED,2ED-14
17-6065-49697,Tea L.,1,1113195.37,12696.73,5,167,200.930069,200.930069,192.5927529,6.210485007,1907.624817,02EC,2EC-17
17-6079-53230,Raven L.,1,5735126.1,21941.56,5,197,245.1784973,264.428833,254.0612918,1.572201897,1571.301294,02JC,2JC-04
17-6111-50550,"Cecebe, L.",1,8027945.41,37267.48,7,"2,412",293.1989136,293.1989136,282.2653344,1.051372782,1767.945959,02EA,2EA-12
17-6112-50030,"Rosseau, L.",1,63959791.32,215421.93,7,"1,026",249.0700378,249.0700378,225.261466,1.597638785,1771.263744,02EB,2EB-05
17-6164-50763,Eagle L.,1,9456385.92,42491.31,4,17,363.0773926,363.0773926,357.8214531,1.537807302,1764.907715,02EA,2EA-20
17-6178-52207,"Timiskaming, L.",1,135863991.9,222190.73,8,"8,226",171.1002808,211.0414581,176.0484434,1.83710697,1663.481741,02JC,2JE-01
17-6187-49397,Bass L.,1,5496902.19,10915.73,4,32,254.8404083,254.8404083,252.3448866,0.975925729,2007.531006,02ED,2ED-06
17-6191-49604,Long L.,1,2139015.02,34236.43,4,45,222.7895355,222.7895355,219.9762362,0.716231104,1927.845581,02EC,2EC-17
17-6201-49898,"Muskoka, L.",1,120961683.5,428181.19,8,"5,867",237.0375824,237.0375824,224.1677616,1.459084507,1791.267967,02EB,2EB-02
17-6239-50430,Doe L.,1,8625675.37,25008.96,5,145,300.3647156,300.3647156,295.7069747,0.45418157,1742.35437,02EA,2EA-22
17-6254-50307,Buck L.,1,2640171.91,12053.61,5,114,312.6622925,312.6622925,300.5713675,0.972081676,1732.960327,02EB,2EB-13
17-6257-50660,Bernard L.,1,20887229.16,25028.61,4,95,332.5075073,332.5075073,329.2197725,0.323196334,1748.884631,02EA,2EA-23
17-6275-49634,Sparrow L.,1,11261615.08,40655.5,8,"7,716",216.3491669,216.3491669,212.0276072,1.27952084,1903.551347,02EC,2EC-16
17-6286-49481,"Couchiching, L.",1,45467159.92,73638.82,7,"2,676",220.6128845,220.6128845,218.2164931,0.882150563,1979.367871,02EC,2EC-09
17-6290-51301,Trout L.,1,18882504.91,69094.2,5,69,199.8312073,210.4255066,200.9320713,0.88627567,1749.787328,02JE,2JE-02
17-6320-50600,Pickerel L.,1,5193554.61,14622.7,6,475,329.2333984,329.2333984,320.9863794,0.557153714,1735.975903,02EA,2EA-21
17-6328-49494,"St. John, L.",1,6546423.87,17530.89,4,50,220.9876404,220.9876404,218.6008874,0.342615498,1964.496931,02EC,2EC-17
17-6382-51179,"Nosbonsing, L.",1,17665636.76,57774.3,4,79,233.5812073,245.0627136,237.4034624,1.283620663,1755.163988,02JE,2JE-07
17-6403-50645,North L.,1,542883.72,4845.93,3,5,433.1989441,433.1989441,430.8634256,0.731925391,1727.324829,02EA,2EA-21
17-6436-50702,Peyton L.,1,388267.8,5321.26,4,16,453.4656067,453.4656067,447.9558987,0.942567523,1727.97,02EA,2EA-21
17-6459-49524,Young L.,1,980165.23,4400.8,2,6,228.377243,228.377243,227.3161768,0.420122996,1940.63,02EC,2EC-13
17-6500-49453,Dalrymple L.,1,13882827.56,40565.33,5,110,231.1783905,231.1783905,226.6224488,0.461971657,1962.841309,02EC,2EC-13
17-6532-49909,Bigwind L.,1,1081169.53,9762.6,2,2,325.1270752,325.1270752,317.8613622,1.206498266,1758.04,02EB,2EB-09
17-6539-50341,Bella L.,1,3570812.09,14332.41,3,17,361.5098877,361.5098877,352.8885027,2.729279949,1686.282837,02EB,2EB-15
17-6548-49368,Canal L.,1,8480860.02,39455.33,5,166,245.7807159,245.7807159,240.5970374,0.761682087,1984.260037,02EC,2EC-11
17-6554-50468,Cripple L.,1,383090.93,5820.22,5,193,411.8235168,411.8235168,407.4024672,0.632836403,1692.457397,02EB,2EB-15
17-6567-50131,Lake of B.s,1,67690109.87,190447.37,7,"1,748",326.74646,326.74646,313.5952224,1.463813334,1702.185181,02EB,2EB-10
17-6571-50360,Dotty L.,1,1592249.77,12063.5,4,23,381.7824097,381.7824097,378.2129758,0.746169147,1681.46,02EB,2EB-11
17-6651-49559,Head L.,1,9403205.89,21491.45,6,557,272.5727844,272.5727844,268.6127263,0.435210358,1915.26907,02EC,2EC-13
17-6712-49387,Balsam L.,1,47717131.61,86922.98,6,"2,333",258.4718933,258.4718933,256.0756868,0.572304324,1976.076973,02HF,2HF-01
17-6715-48930,"Scugog, L.",1,66519015.58,146950.4,6,641,253.674942,253.674942,248.7061045,0.55425409,2062.159176,02HG,2HG-03
17-6731-51370,Lac la Cave,1,28967470.38,232431.4,8,"9,990",152,196.1563721,173.1459967,5.685488999,1759.311251,02JE,2JE-08
17-6738-50244,Fletcher L.,1,2695421.91,21834.98,4,41,411.3699951,411.3699951,405.4134315,0.837346489,1679.104401,02EB,2EB-12
17-6744-49500,Silver L.,1,677734.15,4393.3,6,"2,131",259.9072266,259.9072266,258.1023891,0.341391472,1939.366577,02HF,2HF-02
17-6749-49534,Shadow L.,1,3601686.74,25104.68,6,"2,126",262.3240662,262.3240662,258.3329323,0.787126266,1926.962158,02HF,2HF-07
17-6793-49499,Four Mile L.,1,7585033.42,22487.9,4,65,272.4142456,272.4142456,269.3227755,0.371724806,1941.773657,02HF,2HF-03
17-6806-50080,Red Pine L.,1,4021084.88,26638.26,5,251,376.370697,376.370697,372.0943058,0.733132162,1718.715912,02HF,2HF-08
17-6807-49881,Twelve Mile L.,1,3552131.34,13449.07,6,"1,119",311.0005798,311.0005798,307.2055874,0.594002758,1789.986328,02HF,2HF-08
17-6818-50232,Kimball L.,1,2166568.51,11397.62,4,36,368.4671631,368.4671631,355.516304,1.101796861,1685.846924,02EB,2EB-12
17-6820-49260,Sturgeon L.,1,43960663.86,121446.86,7,"6,390",253.5375214,253.5375214,246.1316342,0.847932314,2004.907528,02HH,2HH-03
17-6844-50137,Goodwin L.,1,559850.83,7303.13,3,4,415.5243225,415.5243225,411.5752403,0.506556868,1706.09,02HF,2HF-08
17-6934-50060,Redstone L.,1,11793576.66,44776.63,5,219,375.4883118,375.4883118,363.5032844,2.499587994,1731.402502,02HF,2HF-11
17-6992-49270,Pigeon L.,1,48788842.99,151830.62,7,"7,467",251.6814728,251.6814728,245.2336544,0.798028476,2004.567356,02HH,2HH-02
17-7074-49293,Buckhorn L.,1,31481662.96,122712.38,7,"7,630",249.1487427,249.1487427,244.706608,1.130374892,2017.287907,02HH,2HH-02
17-7074-49389,Big Bald L.,1,2022537.43,27939.87,5,384,250.6421051,250.6421051,247.5224347,0.72753354,1983.677856,02HH,2HH-02
17-7076-49181,Chemong L.,1,16697201.08,66457.37,4,101,251.4472656,251.4472656,244.7576503,1.037596115,2036.997567,02HH,2HH-02
17-7116-49585,Catchacoma L.,1,7073890.69,36260.8,5,285,299.7214355,299.7214355,293.2654239,0.500545231,1901.201131,02HH,2HH-08
17-7120-51253,Holden L.,1,38306864.74,165714.26,6,"1,212",112.1795807,162.2852936,144.0154199,10.23886957,1861.296294,02KA,2KA-01
17-7146-49082,Little L.,1,588693.85,4029.57,7,"10,613",191.0228119,191.0228119,188.8159049,0.608470985,2031.252319,02HJ,2HJ-01
17-7170-49371,Lower Buckhorn L.,1,12662209.58,70647.7,7,"8,874",249.779129,249.779129,241.3895773,0.925830629,1996.81634,02HH,2HH-02
17-7182-49263,Katchewanooka L.,1,3396534.03,20639.49,7,"9,835",236.3847198,236.3847198,222.4137056,7.819429004,2036.300863,02HH,2HH-04
17-7197-49373,Lovesick L.,1,2649857.46,24157.22,7,"8,884",244.4747009,244.4747009,240.6839255,0.602769937,1993.326111,02HH,2HH-04
17-7249-50200,Meach L.,1,442294.52,3889.44,2,6,438.4376526,441.8439331,439.2766147,0.501861077,1707.3,02KD,2KD-15
17-7255-49721,Alder L.,1,272164.85,2965.47,1,1,358.4727173,358.4727173,357.0576573,0.357186712,1839.7948,02HH,2HH-07
17-7257-48946,Rice L.,1,91923806.28,143478.56,7,"10,950",192.6434326,192.6434326,185.2314148,0.918166555,2024.132,02HJ,2HJ-02
17-7269-49741,Eels L.,1,9415231.09,78092.74,4,96,358.4391174,358.4391174,352.7855792,0.963545009,1823.679277,02HH,2HH-07
17-7310-49342,Dummer L.,1,1819674.05,8164.39,1,1,237.995163,237.995163,233.2744008,0.521409399,2009.847168,02HJ,2HJ-03
17-7310-49388,Stony L.,1,27980392.36,164193.78,7,"9,765",244.9939575,244.9939575,233.5290197,1.552993793,1990.40725,02HH,2HH-07
17-7323-49829,Paudash L.,1,12001587.7,70359.8,5,177,357.8954468,357.8954468,342.4534411,1.148382884,1777.864258,02HK,2HK-07
17-7329-49698,Tallan L.,1,462892.3,3951.45,2,4,325.9480896,325.9480896,323.2166914,0.474810924,1849.95,02HK,2HK-07
17-7331-50275,McKenzie L.,1,3135255.18,13428.16,4,37,404.1960144,411.5670471,405.2722753,0.57817863,1715.714386,02KD,2KD-13
17-7358-49530,Jack L.,1,13637902.13,111829.89,5,140,286.4090881,286.4090881,279.6814307,0.574842282,1928.008769,02HH,2HH-06
18-2642-49981,Baptiste L.,1,21520896.24,107011.08,5,443,343.1099854,365.6331787,350.1644453,2.594506027,1721.204664,02KD,2KD-02
18-2756-49309,Belmont L.,1,7772569.86,38278.39,7,"3,660",191.2222137,191.2222137,186.6327131,0.422352849,2029.381246,02HK,2HK-07
18-2756-49393,Cordova L.,1,2615998.85,17385.48,6,"1,559",222.1612396,222.1612396,215.968956,1.226313184,1994.411682,02HK,2HK-07
18-2779-50548,Aylen L.,1,21182109.62,57138.58,5,292,331.4125977,356.0158081,336.2491111,1.313818881,1770.185279,02KD,2KD-09
18-2782-50364,Bark L.,1,40653835.59,97155.71,7,"2,301",301.4220886,327.1425171,307.855094,2.536190344,1750.578575,02KD,2KD-01
18-2790-50077,Salmon Trout L.,1,1009692.78,7647.11,2,5,374.076355,382.6092529,376.0791616,0.942151563,1733.880493,02KD,2KD-02
18-2810-50600,Murphys L.,1,768868.93,5806.45,3,10,370.3710938,374.4593201,371.8110398,0.524344389,1786.15,02KC,2KC-02
18-2850-49215,Rylstone L.,1,1016741.04,15104,7,"3,660",173.1173553,173.1173553,170.9513967,0.652124378,2062.384766,02HK,2HK-07
18-2891-50334,Kamaniskeg L.,1,22121940.83,52721.78,7,"2,438",277.3570862,299.4349976,282.5394753,2.061197393,1780.228345,02KD,2KD-01
18-2900-50140,Fosters L.,1,676717.2,3587.07,0,0,288.0415039,288.9656982,288.2932325,0.151330836,1772.078857,02KD,2KD-02
18-3030-50572,Round L.,1,29728192.64,30958.09,6,"1,414",168.1312561,176.5934601,169.7914801,0.677844424,1839.854681,02KC,2KC-02
18-3050-49285,Moira L.,1,8535057.62,32078.8,6,988,166.5238647,166.5238647,153.4161254,1.817030045,2066.041699,02HL,2HL-07
18-3065-49990,Crystal L.,1,556667.52,9516.2,3,6,399.2250671,411.4273682,402.0643247,1.541627669,1838.848877,02KD,2KD-03
18-3085-49890,Weslemkoon L.,1,22822798.27,161935.77,5,409,314.4580383,327.1861572,316.2782916,0.858934252,1870.222563,02KD,2KD-03
18-3122-49855,Effingham L.,1,3422755.48,24952.14,4,68,318.3204346,323.9931641,319.2233526,0.562970898,1894.803711,02KD,2KD-03
18-3186-50482,Golden L.,1,36147203.93,57681.94,7,"2,254",167.2789001,172.8677673,168.1837238,0.537312768,1876.406396,02KC,2KC-02
18-3191-50636,Kelly L.,1,570418.84,5015.37,4,75,178.4779205,183.4705353,179.0062001,0.608929898,1889.656494,02KC,2KC-01
18-3220-49677,Skootamatta L.,1,12121215.44,57531.47,5,307,297.4759216,297.4759216,288.4038415,0.720038487,1958.633034,02HL,2HL-05
18-3264-50044,Leatherroot L.,1,209923.28,2677.87,1,1,327.3556519,342.0457459,331.6035527,3.101267206,1898.87146,02KE,2KE-01
18-3267-49749,Mazinaw L.,1,11763858.83,34055.4,5,292,265.8707886,306.3226624,268.1360708,2.615812993,1943.588719,02KF,2KF-04
18-3280-50833,Allumette L.,1,48538990.18,136181.92,8,"9,582",106.587944,122.4161835,110.6093215,1.699071196,1923.970925,02KA,2KA-01
18-3287-50341,"Clear, L.",1,17413483.06,43002.5,5,238,222.8491211,244.8059387,228.3548559,2.017300109,1900.077315,02KC,2KC-08
18-3351-50535,"Dore, L.",1,15125268.48,18600.54,6,413,138.9950562,145.937851,141.2811862,0.817896195,1931.923202,02KC,2KC-07
18-3369-49845,Buckshot L.,1,4419507.08,21719.66,5,81,289.3447876,298.7387695,291.420973,1.054682525,1959.908838,02KF,2KF-09
18-3380-49750,Shawenegog L.,1,1824399.84,17592.99,4,34,269.5189819,277.4239502,271.4007687,1.16056425,1978.296936,02KF,2KF-09
18-3388-49903,Brule L.,1,5822525.96,28686.58,5,85,261.3596191,270.9598084,262.6255926,1.109827592,1954.780029,02KE,2KE-05
18-3389-49691,Kashwakamak L.,1,11596544.7,86353.17,7,"5,326",259.5826111,271.8775024,260.9597953,1.138584159,1994.69923,02KF,2KF-04
18-3401-50475,Mink L.,1,5528436.92,13478.16,5,76,152.4944916,156.7054749,154.2183861,0.655428153,1943.104614,02KC,2KC-07
18-3404-49395,Sheffield Long L.,1,925770.51,12111.57,5,508,189.4345245,189.4345245,184.618164,0.877712539,2073.99292,02HM,2HM-02
18-3420-49390,Gull L.,1,213534.74,2744.47,4,24,192.6330566,192.6330566,186.5768432,1.220047427,2081.95,02HM,2HM-02
18-3434-49499,Bull L.,1,1366553.62,14774.59,5,413,195.1599884,195.1599884,186.4542544,1.459342949,2052.72,02HM,2HM-02
18-3453-49652,Big Gull L.,1,24372817.9,139709.29,5,129,250.3253937,262.4582825,253.016145,1.001400988,2014.758219,02KF,2KF-08
18-3469-50088,Black Donald L.,1,17022911.04,91964.64,8,"8,653",201.720871,260.6515808,237.8555557,11.37199486,1958.96758,02KE,2KE-01
18-3485-50735,Lower Allumette L.,1,22222168.51,59836.45,8,"9,582",104.8784943,109.4369278,106.7873443,0.552895031,1980.369164,02KC,2KC-01
18-3490-49540,Big Clear L.,1,3226974.37,16731.51,4,35,203.5574188,203.5574188,196.7211802,0.692241943,2052.321696,02HM,2HM-02
18-3511-50603,Muskrat L.,1,12164456.4,35790.74,6,"1,334",121.2071838,139.978363,123.1001934,0.76451156,1978.548133,02KC,2KC-05
18-3549-49862,Palmerston L.,1,5431101.33,25439.66,4,57,269.0757751,285.395874,271.6719848,1.625944193,1996.408744,02KF,2KF-06
18-3577-50825,Lac Coulonge,1,13841188.87,57065.25,8,"9,582",102.6205444,108.6906281,104.9819805,0.79235389,2002.515198,02KC,2KC-01
18-3580-49390,Fourth Depot L.,1,400592.81,5383.51,5,157,169.3591156,169.3591156,165.0513558,0.685557507,2099.15,02HM,2HM-03
18-3587-49991,Govan L.,1,1814848.25,25822.89,4,21,257.3786621,267.2875061,258.6930623,1.026255271,1993.25,02KF,2KF-06
18-3634-50151,Calabogie L.,1,13610216.81,36484.53,8,"7,810",147.5369263,166.2407227,153.2976694,1.408623698,1992.72065,02KE,2KE-01
18-3640-49528,Leggat L.,1,1819990.74,9797.35,3,8,199.9409485,208.7105713,200.7489242,0.452640489,2083.765137,02LA,2LA-10
18-3651-49486,Eagle L.,1,6482745.52,45162.7,4,43,190.5477142,199.1460266,191.3630641,0.791127803,2090.052002,02LA,2LA-10
18-3652-50219,Norway L.,1,2838947.92,16200.96,4,25,166.3503265,169.9524231,166.9930506,0.39889679,1993.399353,02KE,2KE-01
18-3661-49250,Hambly L.,1,963559.12,11675.07,3,10,141.4629364,141.4629364,137.2148161,0.996338593,2133.11,02HM,2HM-03
18-3662-50545,Lac du Rocher-Fendu,1,9194879.79,67361.71,8,"9,637",75.37982178,91.50608826,83.23581919,2.496549426,2008.729085,02KC,2KC-01
18-3668-49582,Sharbot L.,1,15120549.23,80106.94,5,231,191.7297974,202.8637085,193.69716,0.877435499,2075.530794,02KF,2KF-07
18-3677-49397,St. Andrew L.s,1,822990.17,8925.09,4,19,175.6984711,175.6984711,172.2809425,0.715997397,2112.788818,02HM,2HM-03
18-3702-49303,Little John L.,1,277606.22,5747.59,3,17,151.8730011,151.8730011,146.725278,0.627140356,2133.75,02HM,2HM-03
18-3741-49489,Bobs L.,1,28928417.86,192007.5,6,651,160.6575623,174.640274,162.475722,1.181027846,2104.397922,02LA,2LA-10
18-3760-49200,Sydenham L.,1,6680930.04,47901.95,5,83,138.4181976,138.4181976,130.7312092,1.424984908,2170.195382,02HM,2HM-06
18-3762-49801,Dalhousie L.,1,6147555.85,15371.89,6,"1,773",155.2944641,167.4019165,156.709123,0.989730791,2047.483724,02KF,2KF-04
18-3767-49466,Burridge L.,1,950441.98,7277.28,3,9,160.1427765,167.4822083,162.2441208,1.170443439,2111.253662,02LA,2LA-07
18-3782-49339,Birch L.,1,1971017.42,16446.46,5,259,134.0500031,146.6428528,136.0555851,1.596072476,2141.851318,02MA,2MA-06
18-3808-50183,White L.,1,23713058.55,110278.19,6,372,160.6164856,168.9181824,162.301825,0.784153178,2025.287421,02KE,2KE-02
18-3814-49569,Farrell L.,1,1757960.15,10391.98,3,13,174.9122467,184.6506805,177.1686485,1.416348095,2095.601318,02LA,2LA-10
18-3854-50393,Lac des Chats,1,31893558.43,118963.18,9,"28,230",60.01523972,83.6234436,72.84500011,3.430969328,2038.547171,02KC,2KC-02
18-3862-49620,Christie L.,1,6526243.45,28638.94,6,845,154.5143738,166.22789,155.9105636,1.195629885,2096.271938,02LA,2LA-08
18-3998-49356,Sand L.,1,8979997.73,57861.78,6,746,112.8459854,128.223526,116.1675102,1.198689994,2176.667065,02MA,2MA-06
18-4028-49206,South L.,1,2387588.24,10846.95,4,42,84.5134201,94.83598328,85.6172036,1.183668103,2217.603516,02MA,2MA-08
18-4040-49580,Big Rideau L.,1,46143248.74,197264.62,6,686,118.0352936,132.3622131,123.7362752,0.840877514,2137.16885,02LA,2LA-07
18-4082-49908,Mississippi L.,1,24376035.42,60882.5,7,"5,326",131.0944366,136.9782562,134.0276562,0.498707151,2080.181407,02KF,2KF-04
18-4196-49317,Charleston L.,1,26651465.92,152623.9,5,413,81.12818146,97.30935669,85.85595661,1.03309822,2214.162781,02MA,2MA-09
18-4334-50239,Lac Deschenes,1,49580391.71,143719.98,9,"28,863",45.00764847,67.39058685,57.38749238,1.215971182,2115.743302,02KF,2KF-01
18-5390-50495,Lac Dollard-des-Ormeaux,1,68976515.99,372850.69,9,"39,495",33.39243317,54.9359436,40.90028715,1.04130985,2047.826648,02LA,2LA-02
