WATERBODY_LID,SHORE.WETLANDS,HEATH,FORESTS,AGRICULTURE,DISTURBANCE,GRASSLANDS,SAND.MINE.TAILING,BEDROCK,URBAN
15-3532-55170,0.001989529,0,0.978010471,0,0,0,0,0.02,0
15-3559-55281,0.042101219,0,0.801668908,0,0.093750353,0,0,0.06247952,0
15-3653-55394,0.018831327,0,0.929792125,0,0.004159978,0,0,0.047216571,0
15-3654-55172,0.019760884,0,0.943221295,0,0,0,0,0.037017821,0
15-3754-55732,0.016661984,0,0.979415213,0,0.000411843,0,0,0.00351096,0
15-3755-55568,0.007631515,0,0.981509411,0,0,0,0,0.010859073,0
15-3795-55615,0,0,0.966439385,0,0.014630764,0,0,0.018929851,0
15-3895-55970,0,0,1,0,0,0,0,0,0
15-3982-55227,0.025671775,0,0.75526174,0,0.184759866,0,0,0.002593236,0.031713383
15-4058-55081,0.010816409,0,0.797910569,0,0.090935291,0,0,0.004899356,0.095438375
15-4100-55022,0.043424872,0,0.853732393,0,0.102491044,0,0,0.000351691,0
15-4109-56434,0.059785023,0,0.531225016,0,0.408989962,0,0,0,0
15-4115-55351,0,0,0.698689156,0,0.284994042,0,0,0.016316803,0
15-4124-55428,0.004557051,0,0.963348848,0,0.008159847,0,0,0.023934254,0
15-4148-55077,0.00869808,0,0.946217364,0,0.022005995,0,0,0.023078562,0
15-4153-55253,0.000636,0,0.912950904,0,0.069324042,0,0,0.017089054,0
15-4172-56262,0.027864931,0,0.762811567,0,0.202967618,0,0,0.006355883,0
15-4187-56135,0.03605633,0,0.789418134,0,0.128466861,0,0,0.046058675,0
15-4216-54977,0,0,0.940781797,0,0.059218203,0,0,0,0
15-4218-54877,0.023771503,0,0.928714178,0,0.045582765,0,0,0.001931554,0
15-4250-55493,0,0,0.932289868,0,0.010856639,0,0,0.056853493,0
15-4255-56385,0.037453218,0,0.920326126,0,0.041964441,0,0,0.000256216,0
15-4270-56011,0.029705545,0,0.783643533,0,0.177485754,0,0,0.009165168,0
15-4279-55138,0,0,0.915761699,0,0.027678555,0,0,0.056559746,0
15-4298-55335,0.001566289,0,0.940026273,0,0,0,0,0.058407437,0
15-4304-57399,0.224832643,0,0.700129205,0,0.067455546,0,0,0.002289604,0.005293002
15-4305-55763,0.006045748,0,0.848439769,0,0.145514484,0,0,0,0
15-4342-54693,0.010574018,0,0.979592145,0,0.009093656,0,0,0.000740181,0
15-4351-55357,0,0,0.953026706,0,0,0,0,0.046973294,0
15-4356-57093,0.187931126,0,0.806863256,0,0.004812741,0,0,0.000392877,0
15-4375-54620,0.009229712,0,0.976680249,0,0.009524277,0,0,0.004565762,0
15-4390-55083,0,0,0.908849105,0,0.07431202,0,0,0.016838875,0
15-4395-54864,0.004012084,0,0.935129985,0,0.013316746,0,0,0.047541185,0
15-4396-54165,0.033588056,0,0.882438119,0.034063359,0.047497108,0,0,0.002413359,0
15-4399-55286,0.000828599,0,0.962123607,0,0,0,0,0.037047794,0
15-4403-54276,0.010443616,0,0.790747905,0,0.187415442,0,0,0.011393036,0
15-4414-56807,0.23502685,0,0.470322351,0,0.292453978,0,7.23E-05,0.000282171,0.001842343
15-4430-54221,0.023321761,0,0.964133959,0,0.005000044,0,0,0.007544236,0
15-4431-54685,0.036643958,0,0.893954823,0,0.067890522,0,0,0.001510697,0
15-4452-55268,0,0,0.989556395,0,0.004873682,0,0,0.005569922,0
15-4470-55367,0.000810917,0,0.93211789,0,0.016274258,0,0,0.050796935,0
15-4479-54411,0.002578006,0,0.921286761,0,0.076135233,0,0,0,0
15-4487-55234,0,0,1,0,0,0,0,0,0
15-4557-54838,0.009103867,0,0.99014308,0,0,0,0,0.000753053,0
15-4562-54445,0.006971728,0,0.931669363,0,0.061358909,0,0,0,0
15-4579-53993,0.111880248,0,0.711354509,0.030741146,0.146024096,0,0,0,0
15-4589-56848,0.281416673,0,0.378681237,0,0.324712457,0,0,0.000538681,0.014650952
15-4593-54629,0.020810611,0,0.892042118,0,0.086290796,0,0,0.000856476,0
15-4595-54375,0.009884026,0,0.930880348,0,0.057925877,0,0,0.001309748,0
15-4602-54790,0.014632246,0,0.926286449,0,0.058394114,0,0,0.000687191,0
15-4602-55724,0,0,0.928019048,0,0.071498849,0,0,0.000482103,0
15-4606-55329,0.074531923,0,0.7291194,0,0.194228282,0,0,0.002120396,0
15-4610-54218,0.010245902,0,0.808629326,0,0.17696949,0,0,0.004155282,0
15-4613-57020,0.179698634,0,0.671528351,0,0.147933484,0,0,0.000375048,0.000464483
15-4632-54287,0.042046847,0,0.845260793,0,0.10943529,0,0,0.00325707,0
15-4642-55404,0,0,0.809617356,0,0.188930646,0,0,0.001451999,0
15-4653-55440,0.005141621,0,0.915253981,0,0.079029746,0,0,0.000574652,0
15-4660-56220,0.047191875,0,0.909784787,0,0.042898776,0,0,0.000124562,0
15-4725-54467,0.003886084,0,0.810163386,0,0.18595053,0,0,0,0
15-4729-54570,0.013190084,0,0.897557694,0,0.089252222,0,0,0,0
15-4784-56717,0.198729785,0,0.730562706,0,0.068983793,0,9.30E-05,2.55E-05,0.001605172
15-4785-54790,0.023630886,0,0.976191883,0,0.000177232,0,0,0,0
15-4785-55574,0.004377163,0,0.965727556,0,0.023064453,0,0,0.006830829,0
15-4880-55820,0.005783804,0,0.976396868,0,0.013759248,0,0,0.00406008,0
15-4919-56922,0.133860302,0,0.522008679,0,0.344131019,0,0,0,0
15-4943-54343,0,0,0.955725047,0,0.042905381,0,0,0.001369572,0
15-5023-54567,0.011129889,0,0.943924238,0,0.044825972,0,0,0.000119901,0
15-5026-55337,0.01568999,0,0.854831303,0,0.126013449,0,0,0.000968583,0.002496675
15-5035-56302,0.019844602,0,0.86955576,0,0.109471586,0,0,0.001128052,0
15-5045-56849,0.229982131,0,0.766390827,0,0.003627042,0,0,0,0
15-5085-55575,0.000625205,0,0.816556995,0,0.182606793,0,0,0.000211007,0
15-5100-54230,0.027613112,0,0.943876818,0,0.028510071,0,0,0,0
15-5124-54968,0.04082225,0,0.881916714,0,0.077261036,0,0,0,0
15-5149-54725,0.009730996,0,0.952727606,0,0.037541398,0,0,0,0
15-5172-54948,0.074883547,0,0.862556261,0,0.062560192,0,0,0,0
15-5209-57140,0.20375637,0,0.79624363,0,0,0,0,0,0
15-5210-56629,0.106500158,0,0.718547925,0,0.163733479,0,0,0,0.011218438
15-5213-56724,0.108635737,0,0.637306691,0,0.254057572,0,0,0,0
15-5221-54041,0.037664239,0,0.889901759,0,0.072434001,0,0,0,0
15-5236-53978,0.021258362,0,0.839538827,0,0.139202811,0,0,0,0
15-5241-55137,0.183691214,0,0.536624919,0.001270003,0.199766515,0,0,0.009349173,0.069298177
15-5275-54864,0,0,1,0,0,0,0,0,0
15-5282-55495,0.022275497,0,0.429227849,0,0.489861153,0,0,0,0.058635501
15-5293-55287,0.163414709,0,0.668785335,0,0.1473181,0,0,0.001363541,0.019118315
15-5349-56812,0.205822781,0,0.793386797,0,0,0,0.000790423,0,0
15-5394-55901,0.286804321,0,0.329960345,0,0.313578559,0,0,0,0.069656776
15-5396-55107,0.065173382,0,0.586952263,0,0.283941749,0,0,0.003167244,0.060765363
15-5429-54280,0.040691703,0,0.894370175,0,0.064938122,0,0,0,0
15-5433-56498,0.226596697,0,0.440310386,0,0.330288749,0,0,0,0.002804168
15-5452-56951,0.124167188,0,0.824579499,0,0.050328793,0,0,0.00092452,0
15-5463-55189,0.115507458,0,0.702636194,0,0.164452884,0,0,0.000261585,0.017141879
15-5472-54633,0.002841543,0,0.982443321,0,0.014715135,0,0,0,0
15-5477-54774,0.016363276,0,0.979972239,0,0.003664485,0,0,0,0
15-5502-54176,0.120528568,0,0.832427431,0,0.047044001,0,0,0,0
15-5503-53695,0.026548464,0,0.931948647,0,0.041502889,0,0,0,0
15-5503-54708,0.009957448,0,0.969734242,0,0.02030831,0,0,0,0
15-5527-53591,0.023714926,0,0.962733688,0,0.013551386,0,0,0,0
15-5537-54222,0.026840747,0,0.927968111,0,0.045191143,0,0,0,0
15-5586-54227,0.061765851,0,0.925641531,0,0.012592618,0,0,0,0
15-5600-54290,0.011409903,0,0.976947339,0,0.011642758,0,0,0,0
15-5605-56599,0.244107861,0,0.521731596,0,0.23350201,0,0,0.000658533,0
15-5627-54632,0.01176662,0,0.857661615,0,0.130571765,0,0,0,0
15-5662-53769,0.021071495,0,0.966867515,0,0.01206099,0,0,0,0
15-5670-54304,0.001502334,0,0.97613769,0,0.022359977,0,0,0,0
15-5670-55575,0.087773888,0,0.909827564,0,0,0,0,0.002398548,0
15-5688-53944,0.005899391,0,0.975578645,0,0.018521963,0,0,0,0
15-5704-54143,0.14016498,0,0.828182978,0,0.031652042,0,0,0,0
15-5704-54495,0.018809064,0,0.955718421,0,0.025472514,0,0,0,0
15-5747-53824,0.00832509,0,0.969343251,0,0.022331659,0,0,0,0
15-5755-54281,0.024727901,0,0.955002621,0,0.020269479,0,0,0,0
15-5770-54220,0.012904518,0,0.938800764,0,0.048294718,0,0,0,0
15-5782-55201,0.109097214,0,0.771196247,0,0.115358391,0,0,0.001020802,0.003327346
15-5802-54916,0,0,0.356459047,0,0.643540953,0,0,0,0
15-5813-53685,0.011884672,0,0.988043517,0,7.18E-05,0,0,0,0
15-5842-54507,0,0,0.986689759,0,0.013310241,0,0,0,0
15-5849-53998,0.016798776,0,0.909000411,0,0.074200814,0,0,0,0
15-5853-54894,0.098027008,0,0.708617894,0,0.190899524,0,0,0.000761639,0.001693935
15-5858-54247,0.029253122,0,0.96648256,0,0.004264318,0,0,0,0
15-5866-55770,0.092607013,0,0.057306655,0,0.82546185,0,0,0.001907212,0.02271727
15-5888-53453,0.002367364,0,0.997632636,0,0,0,0,0,0
15-5946-55139,0.104481534,0,0.507429959,0,0.386726348,0,0,0.000356396,0.001005763
15-5955-54404,0.000796856,0,0.919292773,0,0.079910371,0,0,0,0
15-5958-53772,0.019584914,0,0.980415086,0,0,0,0,0,0
15-5975-53595,0.012732744,0,0.987267256,0,0,0,0,0,0
15-6015-54420,0.003685874,0,0.995028661,0,0.001285465,0,0,0,0
15-6034-54181,0.013496491,0,0.962288555,0,0.024214954,0,0,0,0
15-6046-55042,0.175356412,0,0.640471404,0,0.183065602,0,0,0.001106582,0
15-6048-54975,0.123970399,0,0.851916775,0,0.020228479,0,0,0.000995986,0.00288836
15-6052-53411,0.006974972,0,0.993025028,0,0,0,0,0,0
15-6059-54782,0.015425947,0,0.939162839,0,0.045411214,0,0,0,0
15-6060-55787,0.202703797,0,0.797296203,0,0,0,0,0,0
15-6065-54144,0.024292493,0,0.96975884,0,0.005948668,0,0,0,0
15-6075-53504,0.019415059,0,0.980584941,0,0,0,0,0,0
15-6076-54043,0.11978328,0,0.854362246,0,0.025854474,0,0,0,0
15-6090-55164,0.089280167,0,0.511418296,0,0.397616888,0,0,0,0.001684649
15-6111-54547,0.096030215,0,0.606395918,0,0.297573868,0,0,0,0
15-6126-53450,0.002059096,0,0.997940904,0,0,0,0,0,0
15-6136-53934,0.052353737,0,0.821710032,0,0.125936231,0,0,0,0
15-6146-53867,0.014671265,0,0.951007344,0,0.03432139,0,0,0,0
15-6164-54885,0.067671614,0,0.423274734,0,0.472118808,0,0,0.000943406,0.035991438
15-6217-56090,0.161871611,0,0.72294981,0,0.114445138,0,0,0.000733441,0
15-6228-53450,0.013390885,0,0.986609115,0,0,0,0,0,0
15-6250-53348,0.001493493,0,0.998506507,0,0,0,0,0,0
15-6253-53286,0,0,1,0,0,0,0,0,0
15-6263-53964,0,0,0.862381084,0,0.137618916,0,0,0,0
15-6304-54898,0.167492675,0,0.61374143,0,0.214382338,0,0,0.000162376,0.00422118
15-6317-54251,0.020312343,0,0.504870945,0,0.474816712,0,0,0,0
15-6321-55100,0.178959316,0,0.445189453,0,0.370770037,0,0,0,0.005081194
15-6332-53357,0.002052545,0,0.996414888,0,0.001532567,0,0,0,0
15-6345-54482,0.015346029,0,0.967008851,0,0.01764512,0,0,0,0
15-6348-53492,0.012918821,0,0.93772712,0,0.049354059,0,0,0,0
15-6375-53394,0.004303484,0,0.995696516,0,0,0,0,0,0
15-6383-54085,0.028388416,0,0.956810911,0,0.014800673,0,0,0,0
15-6386-53456,0.019532955,0,0.980467045,0,0,0,0,0,0
15-6401-54050,0.020897959,0,0.968923077,0,0.010178964,0,0,0,0
15-6448-54598,0.069589379,0,0.901342754,0,0.029067867,0,0,0,0
15-6457-55062,0.280795009,0,0.472333004,0,0.246086263,0,0,0.000785724,0
15-6471-56202,0.059017792,0,0.940982208,0,0,0,0,0,0
15-6493-54089,0.009398413,0,0.807088709,0,0.183512878,0,0,0,0
15-6500-55194,0.135257209,0,0.658615106,0,0.204440753,0,0,0.001686932,0
15-6508-53496,0.004991645,0,0.930057139,0,0.058459513,0,0,0.006491703,0
15-6523-56318,0.133383924,0,0.598019941,0,0.268007105,0,0,0.00058903,0
15-6531-54804,0.199202923,0,0.480276077,0,0.308473706,0,0,0.00346339,0.008583904
15-6578-54141,0.023897426,0,0.908360767,0,0.067741807,0,0,0,0
15-6617-56410,0.072750844,0,0.257838881,0,0.669410275,0,0,0,0
15-6733-56270,0.22177064,0,0.771799629,0,0,0,0,0.000226113,0.006203618
15-6742-56100,0.248661338,0,0.748955888,0,0,0,0,0.000553929,0.001828845
15-6747-53842,0.08181105,0,0.76087333,0,0.157315619,0,0,0,0
15-6758-53944,0.026824146,0,0.89995344,0,0.073222413,0,0,0,0
15-6767-55061,0.182082825,0,0.621850252,0,0.196066923,0,0,0,0
15-6775-54775,0.129664498,0,0.46658108,0,0.339170375,0,0,0.001774506,0.06280954
15-6824-55113,0.087639556,0,0.883441124,0,0.025551902,0,0,0.000130072,0.003237345
15-6825-55952,0.228939894,0,0.696932685,0,0.06995565,0,0,9.75E-05,0.004074312
15-6828-53703,0.197219528,0,0.802780472,0,0,0,0,0,0
15-6832-53585,0.08319947,0,0.911416805,0,0.005383724,0,0,0,0
15-6843-53443,0.041300645,0,0.952862146,0,0.005837209,0,0,0,0
15-6844-53328,0.002715101,0,0.997112183,0,0.000172716,0,0,0,0
15-6869-55111,0.171808334,0,0.700254522,0,0.127937144,0,0,0,0
15-6881-55875,0.33875035,0,0.542760188,0,0.073409919,0,0,0.00068491,0.044394633
15-6895-56512,0.318763819,0,0.612158425,0,0.064613299,0,0,0.000200304,0.004264154
15-6908-56374,0.320095062,0,0.679904938,0,0,0,0,0,0
15-6913-53983,0.035747047,0,0.8302663,0,0.133986654,0,0,0,0
15-6931-55274,0.104760107,0,0.231373752,0,0.663630142,0,0,0.000235999,0
15-6958-53562,0.030537327,0,0.880600601,0,0.088862072,0,0,0,0
15-6979-53586,0.014485626,0,0.983636608,0,0.001877766,0,0,0,0
15-6981-54703,0.10266113,0,0.805978653,0,0.091360217,0,0,0,0
15-6985-55358,0.080079262,0,0.289302743,0,0.62844139,0,0,0,0.002176605
15-7008-55644,0.276074794,0,0.607471111,0,0.1162418,0,0,0.000212295,0
15-7020-53669,0.125935162,0,0.874064838,0,0,0,0,0,0
15-7031-55216,0.054553524,0,0.471414236,0,0.472256886,0,0,0,0.001775353
15-7043-56488,0.376204703,0,0.618914633,0,0.004880664,0,0,0,0
15-7048-55476,0.185266436,0,0.645947782,0,0.164562786,0,0,0,0.004222996
15-7050-54058,0.049154944,0,0.930701024,0,0.020144032,0,0,0,0
15-7053-53459,0.018549619,0,0.962637235,0,0.018813146,0,0,0,0
15-7080-54418,0.207493342,0,0.681189907,0,0.111316752,0,0,0,0
15-7085-54809,0.064616425,0,0.741441489,0,0.193942086,0,0,0,0
15-7091-53688,0.04586555,0,0.953306957,0,0.000827493,0,0,0,0
15-7111-54802,0.004780434,0,0.995219566,0,0,0,0,0,0
15-7156-54333,0.158206518,0,0.730625041,0,0.111168441,0,0,0,0
15-7163-54881,0.035086224,0,0.897708433,0,0.067205342,0,0,0,0
15-7307-50900,0.023023978,0,0.512643549,0,0.464332473,0,0,0,0
16-3069-55034,0.178513165,0,0.252080537,0,0.564852865,0,0,0,0.004553433
16-3076-55545,0.2751216,0,0.559012415,0,0.160602459,0,0,0,0.005263526
16-3103-54530,0.010829846,0,0.823322701,0,0.115864968,0,0.049982485,0,0
16-3132-54041,0.008765776,2.69E-06,0.923094499,0,0.068137037,0,0,0,0
16-3199-53954,0,0,0.973870866,0,0.026129134,0,0,0,0
16-3237-55525,0.137107579,0,0.465981099,0,0.364485643,0,0,0.001792374,0.030633306
16-3297-55263,0.027010258,0,0.725926539,0,0.24590503,0,0,0.001158173,0
16-3319-54724,0,0,0.693588975,0,0.306411025,0,0,0,0
16-3346-55390,0.048006924,0,0.516335574,0,0.402418693,0,0,0.000608573,0.032630236
16-3411-55531,0.017696251,0,0.569525359,0,0.368445914,0,0,0,0.044332476
16-3431-54406,0.00381444,0,0.942525274,0,0.053660285,0,0,0,0
16-3483-54344,0.03829954,0,0.685669507,0,0.276030953,0,0,0,0
16-3500-55543,0.019530287,0,0.832251171,0,0.099736994,0,0,0.002701981,0.045779568
16-3534-54692,0.027124088,0,0.842632036,0,0.130243876,0,0,0,0
16-3557-55322,0,0,0.296038284,0,0.703961716,0,0,0,0
16-3576-55491,0.103594814,0,0.767069945,0,0.111690733,0,0,0.009028229,0.008616279
16-3634-54687,0.008360535,0,0.691799329,0,0.299840136,0,0,0,0
16-3666-53602,0.006683436,0,0.993316564,0,0,0,0,0,0
16-3964-54451,0.073340044,0,0.805649931,0,0.121010025,0,0,0,0
16-4359-55570,0.207847964,0,0.714454299,0,0.072883258,0,0,0,0.00481448
16-4433-55531,0.302945166,0,0.490048418,0,0.205954053,0,0,0,0.001052362
16-4521-55219,0.225787307,0,0.187989169,0,0.586223525,0,0,0,0
16-5412-54570,0.06976937,0,0.320820534,0,0.607246896,0,0,3.53E-05,0.002127911
16-6003-54025,0.383178477,0,0.389945224,0,0.211182219,0,0,0.001005686,0.014688394
16-6053-54810,0.322514884,0,0.318113374,0,0.304515023,0,0,0,0.054856719
16-6225-54072,0.208451969,0,0.451159576,0,0.33231927,0,0,0.000726581,0.007342604
16-6348-54346,0.471296985,0,0.245603402,0,0.282576154,0,0,0,0.000523459
16-6398-54390,0.442996551,0,0.409121731,0,0.147881718,0,0,0,0
16-6420-54760,0.999344907,0,0.000655093,0,0,0,0,0,0
16-6439-54864,0.43960459,0,0.265080787,0,0.287091366,0,0,0,0.008223256
16-6450-53469,0.041468518,0,0.838329846,0,0.110481263,0,0,0,0.009720373
16-6583-54325,0.311889088,0,0.300169559,0,0.387941352,0,0,0,0
16-6678-52804,0,0,1,0,0,0,0,0,0
16-6683-54413,0.282017401,0,0.353113792,0,0.362277556,0,0,0.000960994,0.001630258
16-6697-54829,0.236616276,0,0.657772159,0,0.08184975,0,0.000330462,3.67E-05,0.023394635
16-6710-52766,0,0,1,0,0,0,0,0,0
16-6718-52845,0.024849553,0,0.975150447,0,0,0,0,0,0
16-6806-52194,0.028753193,0,0.971246807,0,0,0,0,0,0
16-6809-53004,0.004438073,0,0.861927999,0,0.133633928,0,0,0,0
16-6811-52113,0.002505409,0,0.997494591,0,0,0,0,0,0
16-6971-52177,0.003067543,0,0.996932457,0,0,0,0,0,0
16-6991-54320,0.205992218,0,0.40418677,0,0.389821012,0,0,0,0
16-7046-52151,0,0,1,0,0,0,0,0,0
16-7102-54270,0.172173999,0,0.321661077,0,0.506164924,0,0,0,0
16-7122-53960,0.106114767,0,0.331519676,0,0.562365557,0,0,0,0
16-7134-51997,0.003022048,0,0.996977952,0,0,0,0,0,0
16-7139-53538,0.019257891,0,0.894756065,0,0.078593801,0,0,0,0.007392243
17-2851-51570,0.003318584,0,0.996681416,0,0,0,0,0,0
17-2870-51459,0.026672657,0,0.888552629,0.032461697,0.030367394,0,0,0.021945622,0
17-2880-52069,0,0,1,0,0,0,0,0,0
17-2933-51822,0.007507794,0,0.992276995,0,0,0,0,0.000215211,0
17-2953-54198,0.302285695,0,0.639917763,0,0.055026001,0,0,0,0.00277054
17-3006-52333,0.009466218,0,0.772389773,0,0.218144009,0,0,0,0
17-3006-53592,0.020015793,0,0.906215109,0,0.072959776,0,0,0,0.000809322
17-3014-51622,0.027806168,0,0.972193832,0,0,0,0,0,0
17-3053-51969,0.008290562,0,0.986833278,0,0.004685259,0,0,0.000190901,0
17-3074-52158,0.018300705,0,0.890532955,0,0.091166339,0,0,0,0
17-3086-52062,0.003951867,0,0.983197904,0,0.0121309,0,0,0.000719329,0
17-3120-53099,0.026219178,0,0.767783812,0,0.20599701,0,0,0,0
17-3164-51328,0,0,0.851308776,0.00550929,0.007876497,0,0,0.120276231,0.015029207
17-3172-51540,0,0,1,0,0,0,0,0,0
17-3191-51595,0.002379301,0,0.991180723,0,0.001536349,0,0,0.004903627,0
17-3228-51260,0.001144698,0,0.589694386,0.367269125,0.001856492,0,0,0.004045988,0.035989311
17-3280-52990,0.091020791,0,0.809028788,0,0.080248111,0,0,0,0.01970231
17-3290-51439,0.013863458,0,0.96397743,0,0,0,0,0.022159112,0
17-3323-51600,0,0,1,0,0,0,0,0,0
17-3360-51357,0,0,0.935745098,0,0,0,0,0.064254902,0
17-3370-52303,0.006700307,0,0.967250368,0,0.026049325,0,0,0,0
17-3400-51692,0.018463331,0,0.968607856,0,0,0,0,0.012928813,0
17-3423-51340,0.000909568,0,0.866575283,0,0,0,0,0.132515149,0
17-3426-53189,0.012207788,0,0.909433005,0,0.078359207,0,0,0,0
17-3432-51760,0.004717808,0,0.994387737,0,0,0,0,0.000894454,0
17-3445-51613,0.00265116,0,0.92883402,0,0.012964174,0,0,0.055550646,0
17-3457-51246,0,0,0.697855062,0,0,0,0,0.302144938,0
17-3525-51387,0.008073867,0,0.904713226,0,0.001732143,0,0,0.085480764,0
17-3557-51418,0.003000068,0,0.780370008,0,0,0,0,0.185742858,0.030887066
17-3563-53717,0.046338237,0,0.91909017,0,0.034571593,0,0,0,0
17-3592-51192,0.002856013,0,0.65957133,0.015252181,0.001434711,0,0,0.257094778,0.063790988
17-3606-52610,0.050816409,0,0.896999092,0,0.052184499,0,0,0,0
17-3627-51660,0,0,0.989613181,0,0.010386819,0,0,0,0
17-3678-51289,0,0,0.86460361,0,0.068950203,0,0,0.066446187,0
17-3716-51254,0,0,0.767342287,0,0.0599593,0,0,0.172698413,0
17-3730-53082,0.023534346,0,0.483595862,0,0.492869792,0,0,0,0
17-3736-53361,0.010570155,0,0.95437054,0,0.035059305,0,0,0,0
17-3764-51679,0.003824607,0,0.991381168,0,0.004794225,0,0,0,0
17-3788-53266,0.034355945,0,0.88672758,0,0.078916475,0,0,0,0
17-3790-55066,0.206847055,0,0.167266128,0,0.612176209,0,0,0,0.013710609
17-3804-53044,0.016931905,0,0.864211123,0,0.118856971,0,0,0,0
17-3810-51468,0.002493293,0,0.723917598,0,0,0,0.137690434,0.11626518,0.019633495
17-3813-51443,0,0,0.874899194,0,0,0,0.092137097,0.03296371,0
17-3844-53694,0,0,1,0,0,0,0,0,0
17-3856-51190,0.02778828,0,0.810396975,0,0.023204159,0,0,0.073724008,0.064886578
17-3860-51538,0.009411765,0,0.946554622,0,0,0,0,0.044033613,0
17-3874-51976,0.009217765,0,0.941726733,0,0.049055502,0,0,0,0
17-3974-51436,0.003818077,0,0.924633317,0,0,0,0,0.070170603,0.001378003
17-4010-53144,0.024523029,0,0.854984425,0,0.120492546,0,0,0,0
17-4019-55121,0.397896103,0,0.341215529,0,0.253854177,0,0,0,0.007034192
17-4061-52742,0.097467669,0,0.847050221,0,0.05548211,0,0,0,0
17-4145-52197,0.017770749,0,0.866934642,0,0.115294609,0,0,0,0
17-4175-51987,0.008712778,0,0.972222718,0,0.018251728,0,0,0.000812776,0
17-4235-50696,0.046266817,0,0.766123444,0.184317773,0,0,0,0.003291966,0
17-4271-53064,0.016639541,0,0.897897864,0,0.085462595,0,0,0,0
17-4302-51759,0.000454224,0,0.994246492,0,0.005299283,0,0,0,0
17-4313-51958,0.001679526,0,0.998320474,0,0,0,0,0,0
17-4340-52773,0.012448515,0,0.953722208,0,0.033829277,0,0,0,0
17-4352-52392,0.020196709,0,0.979803291,0,0,0,0,0,0
17-4372-52874,0.00176985,0,0.876739285,0,0.121490865,0,0,0,0
17-4414-51336,0.007285537,0,0.793840319,0.000192962,0.089827336,0,0,0.097694233,0.011159613
17-4485-51124,0.006638384,0,0.953795089,0,0.012485437,0,0,0.021981404,0.005099686
17-4529-52150,0.02610008,0,0.97389992,0,0,0,0,0,0
17-4549-51263,0.020222401,0,0.808028704,0.000465617,0.000337801,0,0,0.113272834,0.057672644
17-4553-53202,0.004661617,0,0.918629818,0,0.076708566,0,0,0,0
17-4583-50085,0.008803729,0,0.982737787,0.008458484,0,0,0,0,0
17-4591-53367,0.063547672,0,0.834292209,0,0.102160119,0,0,0,0
17-4608-51161,0,0,0.93503612,0,0,0,0,0.06496388,0
17-4614-51736,0,0,0.997554514,0,0,0,0,0.002445486,0
17-4702-52245,0.035110269,0,0.912072115,0,0.052817616,0,0,0,0
17-4713-52126,0.074667543,0,0.925332457,0,0,0,0,0,0
17-4728-52266,0.027401416,0,0.968958544,0,0.00364004,0,0,0,0
17-4773-53267,0.038867539,0,0.773960208,0,0.187172253,0,0,0,0
17-4810-51976,0.010945774,0,0.989054226,0,0,0,0,0,0
17-4822-49331,0.125718067,0,0.155072333,0.64224488,0,0,0,0,0.076964721
17-4840-51983,0,0,1,0,0,0,0,0,0
17-4857-47670,0.025951588,0,0.058426918,0.818708084,0,0,0.013775132,0,0.083138278
17-4919-52573,0.002951096,0,0.649100618,0,0.347948286,0,0,0,0
17-4925-52070,0.04070628,0,0.95929372,0,0,0,0,0,0
17-4930-52197,0.032345013,0,0.967654987,0,0,0,0,0,0
17-4935-53022,0.015473991,0,0.983133885,0,0.001392124,0,0,0,0
17-4936-51883,0,0,0.970890582,0,0,0,0.029109418,0,0
17-5018-53686,0.093642263,0,0.839252409,0,0.064056009,0,0,0,0.003049319
17-5026-52889,0.009129498,0,0.960597485,0,0.030273017,0,0,0,0
17-5046-53895,0.013271435,0,0.842355442,0,0.128410389,0,0,0,0.015962734
17-5149-54886,0.651322916,0,0.303632522,0,0.045044562,0,0,0,0
17-5180-53389,0.019146478,0,0.877768122,0,0.1030854,0,0,0,0
17-5191-51772,0.014173174,0,0.952320762,0,0.002446545,0,0,0.000972693,0.030086826
17-5202-54735,0.480544203,0,0.447029236,0,0.058140347,0,0,0,0.014286213
17-5240-51985,0.019322134,0,0.968041338,0,0.012636528,0,0,0,0
17-5265-52901,0,0,0.984464396,0,0.015535604,0,0,0,0
17-5314-53425,0.041730914,0,0.870387338,0,0.087881748,0,0,0,0
17-5352-50862,0.100140525,0,0.849337527,0,0,0,0,0.018234743,0.032287206
17-5384-50622,0,0,0.49341896,0,0,0,0,0.491669318,0.014911723
17-5430-52549,0.025084085,0,0.974915915,0,0,0,0,0,0
17-5515-51958,0,0,0.976649037,0,0.023350963,0,0,0,0
17-5521-55108,0.520841889,0,0.179928131,0,0.277849076,0,0,0,0.021380903
17-5547-55801,0.79920017,0,0.184586715,0,0.015166852,0,0,0,0.001046263
17-5552-52523,0.005214625,0,0.994785375,0,0,0,0,0,0
17-5577-51311,0.01001422,0,0.71378246,0.258898747,0,0,0,0.017304572,0
17-5580-52276,0.020966924,0,0.979033076,0,0,0,0,0,0
17-5590-54756,0.493003787,0,0.415626869,0,0.079768786,0,0,0,0.011600558
17-5601-51477,0.049758417,0,0.873555755,0.044477971,0.030002101,0,0,0,0.002205756
17-5608-52396,0.031860279,0,0.968035562,0,0.000104159,0,0,0,0
17-5662-55201,0.68543595,0,0.185639495,0,0.11519078,0,0,0,0.013733776
17-5694-55282,0.740185529,0,0.222263451,0,0.031762523,0,0,0,0.005788497
17-5700-52061,0.006276315,0,0.987089167,0,0.002684222,0,0.001184539,0,0.002765756
17-5717-53183,0.004501318,0,0.82191368,0.012877701,0.103269547,0,0,0.00013038,0.057307374
17-5732-51489,0.055537803,0,0.94173537,0,0.002726827,0,0,0,0
17-5733-52151,0,0,1,0,0,0,0,0,0
17-5740-52232,0.000354484,0,0.999645516,0,0,0,0,0,0
17-5770-51258,0.045810386,0,0.792987021,0.084124077,0.006941606,0,0,0.014067768,0.056069142
17-5788-51912,0.016922772,0,0.983077228,0,0,0,0,0,0
17-5812-51735,0.013050438,0,0.96755328,0,0.018783696,0,0,0.000101533,0.000511052
17-5814-49627,0.032209882,0,0.507889855,0.379291238,0,0,0.007588716,0,0.073020309
17-5827-52344,0.002002851,0,0.997997149,0,0,0,0,0,0
17-5833-50403,0,0,0.599636721,0.386816015,0,0,0,0.013547264,0
17-5842-51980,0.02965115,0,0.97034885,0,0,0,0,0,0
17-5845-51854,0.023564078,0,0.976435922,0,0,0,0,0,0
17-5851-53899,0.242546138,0,0.581842471,0.043903635,0.124871695,0,0,4.68E-05,0.006789282
17-5879-50852,0.10548242,0,0.886518914,0,0,0,0,0.007998667,0
17-5942-51055,0.024121251,0,0.975878749,0,0,0,0,0,0
17-5962-53128,0,0,0.969816922,0,0.030183078,0,0,0,0
17-5970-52137,0.001898305,0,0.974208232,0,0,0,0,0,0.023893462
17-5971-50688,0.070041462,0,0.929958538,0,0,0,0,0,0
17-5972-52300,0.003770892,0,0.926407512,0,0.047361502,0,0,0,0.022460094
17-5998-50031,0.003530091,0,0.882242811,0.097591489,0,0,0,0.014597167,0.002038442
17-6007-51793,0,0,0.981115197,0,0.018884803,0,0,0,0
17-6010-53265,0.008557338,0,0.935078578,0,0.047292345,0,0,0.009071739,0
17-6016-49633,0.048796395,0,0.628483339,0.122850706,0,0,0,0.100735207,0.099134353
17-6026-49666,0.06338331,0,0.766783823,0.050125313,0,0,0,0.038083374,0.081624179
17-6031-52053,0.002194364,0,0.987940885,0,0.007435984,0,0,0,0.002428768
17-6058-49199,0.138132187,0,0.113158434,0.6570292,0,0,0.000488707,0,0.091191472
17-6079-53230,0,0,0.989426642,0,0,0,0,0.010573358,0
17-6111-50550,0.00965802,0,0.842398418,0.145660234,0,0,0,0.002283329,0
17-6239-50430,0.043015061,0,0.78390335,0.165136528,0,0,0,0.002432047,0.005513015
17-6254-50307,0.044412281,0,0.906184593,0.045968801,0,0,0,0.003434325,0
17-6275-49634,0.055918686,0,0.743221267,0.154725046,0,0,0,0.01005473,0.036080271
17-6286-49481,0.203758482,0,0.179843314,0.291212879,0,0,0.00029132,0,0.324894004
17-6290-51301,0.014795047,0,0.811953621,0.100508164,0,0,0,0.000209605,0.072533562
17-6328-49494,0.356528325,0,0.303996402,0.234600774,0,0,0.012982095,0,0.091892404
17-6382-51179,0.01620282,0,0.827636088,0.151727888,0,0,0,0.004433205,0
17-6403-50645,0.01355159,0,0.98644841,0,0,0,0,0,0
17-6500-49453,0.36937835,0,0.167803824,0.398339067,0,0.02700056,0.016510121,0,0.020968077
17-6532-49909,0.009875739,0,0.990124261,0,0,0,0,0,0
17-6539-50341,0.019214013,0,0.977903885,0,0,0,0,0.002882102,0
17-6567-50131,0.011588871,0,0.928867946,0.024456203,0,0,0,0.007921945,0.027165036
17-6571-50360,0.006174069,0,0.993825931,0,0,0,0,0,0
17-6651-49559,0.122389972,0,0.570251938,0.273959115,0,0,0,0,0.033398975
17-6715-48930,0.241041032,0,0.108371421,0.575352959,0,0,0.000528264,0,0.074706324
17-6738-50244,0.005562712,0,0.994437288,0,0,0,0,0,0
17-6749-49534,0.194780942,0,0.474276554,0.251929465,0,0,0.006379216,0,0.072633823
17-6793-49499,0.349951729,0,0.422473927,0.195729029,0,0.014624097,0,0,0.017221218
17-6806-50080,0.024967831,0,0.97421558,0.000816589,0,0,0,0,0
17-6807-49881,0.028947659,0,0.87672417,0.002427631,0,0,0,0,0.091900541
17-6818-50232,0.011305526,0,0.988694474,0,0,0,0,0,0
17-6844-50137,0.019486161,0,0.980513839,0,0,0,0,0,0
17-6934-50060,0,0,0.964460703,0.029147242,0,0,0,0,0.006392055
17-6992-49270,0.265671934,0,0.161191442,0.503047126,0,0,0.003308628,0,0.06678087
17-7074-49293,0.213937804,0,0.246530254,0.430711837,0,0,0.004629014,0,0.104191091
17-7074-49389,0.141441189,0,0.566803885,0.159825746,0,0.005954998,0.019663483,0,0.106310699
17-7076-49181,0.188162492,0,0.114339099,0.578364189,0,0,0,0,0.11913422
17-7116-49585,0.018017274,0,0.945320628,0.036662098,0,0,0,0,0
17-7146-49082,0.067555364,0,0.046785637,0.480111804,0,0,0,0,0.405547194
17-7170-49371,0.231921148,0,0.529214117,0.205771753,0,0,0,0.003406729,0.029686254
17-7182-49263,0.257492522,0,0.091226427,0.585516972,0,0,0.012787098,0,0.05297698
17-7255-49721,0,0,1,0,0,0,0,0,0
17-7257-48946,0.147531552,0,0.147994645,0.636130159,0,0.001499491,0.006296246,0,0.060547906
17-7269-49741,0.033050158,0,0.949071562,0.002891349,0,0,0,0.01498693,0
17-7310-49342,0.175139625,0,0.558964628,0.206895317,0,0,0,0,0.05900043
17-7310-49388,0.204972868,0,0.629940765,0.13368336,0,1.66E-05,0.000252682,0,0.031133756
17-7323-49829,0.011764107,0,0.922846582,0.065294357,9.50E-05,0,0,0,0
17-7329-49698,0.109029851,0,0.890970149,0,0,0,0,0,0
17-7331-50275,0.012976647,0,0.965361362,0.012755364,0,0,0,0,0.008906627
18-2642-49981,0.002201908,0,0.970806798,0.026991294,0,0,0,0,0
18-2779-50548,0.020149195,0,0.978936437,0.000645436,0.000268932,0,0,0,0
18-2782-50364,0.006252931,0,0.977152048,0.011581151,0.004951001,0,0,6.29E-05,0
18-2790-50077,0,0,1,0,0,0,0,0,0
18-2810-50600,0,0,1,0,0,0,0,0,0
18-2850-49215,0.45587753,0,0.223199789,0.301854799,0,0,0,0,0.019067881
18-2891-50334,0.000881756,0,0.970334406,0.028783837,0,0,0,0,0
18-3030-50572,0.018572953,0,0.896572265,0.084556933,0.000264163,0,0,3.37E-05,0
18-3050-49285,0.047834881,0,0.507427139,0.4222587,0,0,0,0.017990752,0.004488528
18-3085-49890,0.025298273,0,0.961187817,0.011889407,7.33E-05,0,0,0.001551217,0
18-3122-49855,0.031441336,0,0.966031254,0.000462765,0,0,0,0.002064645,0
18-3186-50482,0.012331726,0,0.785766421,0.198985208,0,0,0,0.002916645,0
18-3191-50636,0.06270181,0,0.89269355,0,0.044604641,0,0,0,0
18-3220-49677,0.0388322,0,0.960502989,0,0,0,0,0.000664811,0
18-3264-50044,0,0,0.628236745,0,0,0,0,0.371763255,0
18-3287-50341,0.00185539,0,0.873319707,0.114442847,0,0,0,0.010382055,0
18-3351-50535,0.02863185,0,0.76527938,0.20608877,0,0,0,0,0
18-3369-49845,0.001398826,0,0.9851435,0.013457673,0,0,0,0,0
18-3388-49903,0.004244953,0,0.993618936,0.001754338,0,0,0,0.000381773,0
18-3389-49691,0.011767622,0,0.953852465,0.017322417,0,0,0,0,0.017057496
18-3401-50475,0.013373929,0,0.63937504,0.347251032,0,0,0,0,0
18-3404-49395,0,0,0.875365316,0,0,0,0,0.124634684,0
18-3420-49390,0.048015041,0,0.857907296,0,0,0,0,0.094077663,0
18-3434-49499,0.02242792,0,0.912051442,0,0,0,0,0.065520639,0
18-3453-49652,0.076617164,0,0.909423628,0.005764566,0,0,0,0.008194643,0
18-3469-50088,0.00101284,0,0.992091667,0,0,0,0,0.006895493,0
18-3490-49540,0.014588192,0,0.833640924,0.06498834,0,0,0,0.086782545,0
18-3511-50603,0.155860813,0,0.390058354,0.40590324,0,0,0.000277408,0,0.047900185
18-3549-49862,0,0,0.933130999,0.03745651,0,0,0,0.02941249,0
18-3580-49390,0.042067615,0,0.802880203,0,0,0,0,0.155052182,0
18-3587-49991,0.028650873,0,0.965721277,0,0,0,0,0.00562785,0
18-3634-50151,0.065356311,0,0.803587332,0.122223437,0,0,0,0.008832919,0
18-3651-49486,0.018662139,0,0.873838719,0.046010417,0,0,0,0.061488726,0
18-3652-50219,0.057858439,0,0.774315789,0.164471869,0,0,0,0.003353902,0
18-3661-49250,0.215040747,0,0.282203152,0.458182919,0,0,0.007695467,0,0.036877716
18-3668-49582,0.076423418,0,0.804737745,0.071927525,0,0,0,0.046911312,0
18-3677-49397,0.024819405,0,0.545662403,0.171416264,0,0,0,0.258101929,0
18-3741-49489,0.024247807,0,0.779820006,0.092438769,0,0,0,0.103493417,0
18-3760-49200,0.15185817,0,0.365494188,0.428245841,0,0,0.002037391,0,0.05236441
18-3782-49339,0.048156039,0,0.896341463,0.053188363,0,0,0,0,0.002314135
18-3808-50183,0.117777698,0,0.850005648,0.028234503,0,0,0,0.003982151,0
18-3862-49620,0.071420737,0,0.794914449,0.070131983,0,0,0,0.05793909,0.005593741
18-3998-49356,0.148088599,0,0.474791995,0.324016191,0,0,0.000652125,0,0.052451091
18-4028-49206,0.109150939,0,0.375867333,0.479022111,0,0,0.016294292,0,0.019665325
18-4040-49580,0.129154792,0,0.528000544,0.297587678,0,0,0,0.010837188,0.034419797
18-4196-49317,0.162001508,0,0.578834296,0.23003708,0,0,0,0,0.029127116
