WATERBODY_CODE,Waterbody_LID,LOCNAME,TWS_code,neglondec,latdec,SA,LO
43048111,17-4857-47670,Thames River  N. Branch (St. M. to Fan.),02GD,-81.18666667,43.06527778,231.72,6
43468020,17-5535-48461,Belwood Lake,02GA,-80.33944444,43.75861111,522.45,6
44027916,17-6384-48765,Musselman Lake,02EC,-79.27305556,44.03083333,48.36,1
44058125,17-4665-48812,Silver Lake,02FC,-81.41916667,44.08527778,59.47,3
44097814,17-7257-48946,Otonabee River,02HJ,-78.23333333,44.15,9183.48,7
44107850,17-6715-48930,Lake Scugog,02HG,-78.85722222,44.18333333,6643.85,6
44127810,17-7257-48946,Rice Lake - off Otonabee River,02HJ,-78.22472222,44.14472222,9183.48,7
44147808,17-7257-48946,Rice Lake  - eastern end,02HJ,-78.12194444,44.21305556,9183.48,7
44187819,17-7146-49082,Otonabee River Little L.,02HJ,-78.30972222,44.2975,58.85,7
44247824,17-7076-49181,Chemong Lake,02HH,-78.39277778,44.38861111,1647.17,4
44247845,17-6820-49260,Scugog River - downstream of Lindsay,02HH,-78.75,44.4,4387.85,7
44257633,18-3760-49200,Sydenham Lake,02HM,-76.55666667,44.43083333,660.05,5
44257742,18-2850-49215,Rylstone Lake,02HK,-77.70166667,44.42305556,98.27,7
44257845,17-6820-49260,Sturgeon Lake (Goose Bay),02HH,-78.75305556,44.41472222,4387.85,7
44257940,17-6058-49199,Little Lake,02ED,-79.67083333,44.42666667,226.03,5
44267613,18-4028-49206,South Lake,02MA,-76.22138889,44.43416667,237.39,4
44277633,18-3760-49200,Mica Lake,02HM,-76.55,44.45,-9999,-9999
44277816,17-7182-49263,Katchewanooka Lake,02HH,-78.25861111,44.4575,334.01,7
44277830,17-6992-49270,Pigeon Lake,02HH,-78.49472222,44.47083333,4862.86,7
44287641,18-3661-49250,Hambly Lake,02HM,-76.68333333,44.46805556,72.76,3
44287843,17-6820-49260,Sturgeon Lake,02HH,-78.71666667,44.46666667,4387.85,7
44297823,17-7074-49293,Buckhorn Lake,02HH,-78.39583333,44.48444444,3131.57,7
44307727,18-3050-49285,Moira Lake,02HL,-77.45361111,44.48722222,852.68,6
44317749,18-2756-49309,Belmont Lake,02HK,-77.82666667,44.495,773.46,7
44327600,18-4196-49317,Charleston Lake,02MA,-76.01583333,44.53472222,2602.02,-9999
44327632,18-3782-49339,Birch Lake,02MA,-76.54166667,44.54777778,196.12,5
44327806,17-7310-49342,Dummer (White) Lake,02HJ,-78.09333333,44.52611111,181.2,1
44327818,17-7170-49371,Lower Buckhorn Lake,02HH,-78.27333333,44.55361111,1252.6,7
44337806,17-7310-49388,Stony Lake,02HH,-78.10888889,44.5625,2738.4,7
44337813,17-7197-49373,Lovesick Lake,02HH,-78.23333333,44.55722222,255.3,7
44338114,17-4822-49331,Chesley Lake,02FA,-81.22416667,44.55277778,207.79,2
44347616,18-3998-49356,Sand Lake,02MA,-76.26138889,44.56833333,890.96,6
44347823,17-7074-49389,Big Bald Lake,02HH,-78.38722222,44.57555556,196.53,4
44357647,18-3580-49390,Fourth Depot Lake,02HM,-76.78916667,44.59166667,40.01,5
44357659,18-3420-49390,Gull Lake,02HM,-76.99027778,44.58916667,21.36,4
44357700,18-3404-49395,Sheffield Long Lake,02HM,-77.00972222,44.59527778,92.26,5
44357750,18-2756-49393,Cordova Lake,02HK,-77.825,44.57527778,252.88,6
44357850,17-6712-49387,Balsam Lake,02HF,-78.84166667,44.58055556,4664.7,6
44367640,18-3677-49397,St. Andrew Lakes,02HM,-76.66944444,44.60444444,50.33,4
44367930,17-6187-49397,Bass Lake,02ED,-79.50666667,44.60333333,549.6,4
44387907,17-6500-49453,Dalrymple Lake,02EC,-79.10861111,44.64722222,1385.38,5
44397633,18-3767-49466,Burridge Lake,02LA,-76.55472222,44.66444444,95.07,3
44407922,17-6286-49481,Lake Couchiching,02EC,-79.37638889,44.66416667,4542.63,7
44417635,18-3741-49489,Bobs Lake,02LA,-76.58777778,44.68111111,1869.46,6
44417642,18-3651-49486,Eagle Lake,02LA,-76.69861111,44.68305556,641.16,4
44417658,18-3434-49499,Bull Lake,02HM,-76.97472222,44.68777778,136.6,5
44417845,17-6793-49499,Four Mile Lake,02HF,-78.73722222,44.68166667,758.33,4
44417919,17-6328-49494,Lake St. John,02EC,-79.325,44.68694444,654.11,4
44427919,17-6328-49494,Black River,02EC,-79.31666667,44.7,654.11,4
44437643,18-3640-49528,Leggat Lake,02LA,-76.72388889,44.71305556,181.95,3
44437655,18-3490-49540,Big Clear Lake,02HM,-76.90694444,44.72583333,322.62,4
44437848,17-6749-49534,Shadow Lake,02HF,-78.79138889,44.71472222,356.81,6
44438113,17-4820-49523,Boat Lake,02FA,-81.22694444,44.72583333,-9999,5
44447855,17-6651-49559,Head Lake,02EC,-78.91388889,44.73972222,938.28,6
44457819,17-7116-49585,Catchacoma Lake,02HH,-78.32666667,44.75833333,707.39,5
44467613,18-4040-49580,Big Rideau Lake,02LA,-76.2125,44.77083333,4546.48,6
44467630,18-3814-49569,Farrell (Farren) Lake,02LA,-76.49777778,44.75833333,175.25,3
44467641,18-3668-49582,Sharbot Lake,02KF,-76.69333333,44.7675,827.17,5
44477924,17-6275-49634,Sparrow Lake,02EC,-79.38722222,44.81305556,789.13,8
44477929,17-6191-49604,Matchedash Lake,02EC,-79.49444444,44.78944444,196.44,4
44487626,18-3862-49620,Christie Lake,02LA,-76.43861111,44.80444444,647.59,6
44497942,17-6016-49633,Little Lake - Gloucester Pool,NA,-79.71222222,44.81805556,382.45,-9999
44497959,17-5814-49627,Farlain Lake,02ED,-79.97083333,44.81527778,109.59,0
44507658,18-3453-49652,Big Gull Lake,02KF,-76.96888889,44.82694444,2419.33,5
44507716,18-3220-49677,Skootamatta Lake,02HL,-77.2475,44.8375,1208.93,5
44507803,17-7329-49698,Tallan Lake,02HK,-78.0525,44.84583333,46.15,2
44517942,17-6026-49666,Gloucester Pool (Severn R,NA,-79.70055556,44.85083333,1228.14,-9999
44527701,18-3389-49691,Kashwakamak Lake,02KF,-77.03861111,44.85666667,-9999,-9999
44527808,17-7255-49721,Alder Lake,02HH,-78.14583333,44.86833333,27.26,1
44527939,17-6065-49697,Tea Lake,02EC,-79.64944444,44.87583333,110.79,5
44547808,17-7269-49741,Eels Lake,02HH,-78.13194444,44.8975,935.98,4
44557712,18-3267-49749,Upper Mazinaw Lake,02KF,-77.20305556,44.93333333,-9999,5
44567924,17-6201-49898,Lake Muskoka (Gravenhurst,02EB,-79.39638889,44.93027778,12063.85,8
44587634,18-3762-49801,Dalhousie Lake,02KF,-76.56944444,44.96555556,615.23,6
44587801,17-7323-49829,Lower Paudash Lake,02HK,-78.00111111,44.9675,1199.58,5
44587803,17-7323-49829,Paudash Lake,02HK,-78.05472222,44.96361111,1199.58,5
44597721,18-3122-49855,Effingham Lake,02KD,-77.36,44.985,340.65,4
45007704,18-3369-49845,Buckshot Lake,02KF,-77.06944444,44.99555556,441.8,5
45007925,17-6201-49898,Lake Muskoka,02EB,-79.47472222,45.05361111,12063.85,8
45017651,18-3549-49862,Palmerston Lake,02KF,-76.84166667,45.01611111,539.44,4
45017843,17-6807-49881,Twelve Mile Lake,02HF,-78.70583333,45.02527778,355.68,6
45017923,17-6201-49898,Lake Muskoka E.A.G.L.E.,02EB,-79.38333333,45.01666667,12063.85,8
45027725,18-3085-49890,Weslemkoon Lake,02KD,-77.43083333,45.03055556,1976.07,5
45037703,18-3388-49903,Brule Lake,02KE,-77.04833333,45.05083333,582.94,5
45037903,17-6532-49909,Bigwind Lake,02EB,-79.05472222,45.05722222,107.84,2
45047755,18-2699-49935,Faraday Lake,02KD,-77.92222222,45.05972222,113.99,4
45058123,17-4689-49939,Miller Lake,02FA,-81.39388889,45.09916667,-9999,3
45077803,18-2642-49981,Baptiste Lake,02KD,-77.99611111,45.09916667,2153.66,5
45087648,18-3587-49991,Govan Lake,02KF,-76.79527778,45.13305556,178.92,4
45107712,18-3264-50044,Leatherroot Lake,02KE,-77.20916667,45.17305556,20.61,0
45107944,17-5998-50031,Lake Joseph,02EB,-79.71611111,45.185,5266.25,5
45117749,18-2790-50077,Salmon Trout Lake,02KD,-77.81305556,45.19,101.18,2
45117832,17-6934-50060,Redstone Lake,02HF,-78.53777778,45.18305556,1180.39,5
45127656,18-3469-50088,Black Donald Lake,02KE,-76.93805556,45.21444444,1592.02,8
45127824,17-7045-50074,Haliburton Lake,02HF,-78.39611111,45.19277778,1031.03,5
45127842,17-6806-50080,Red Pine Lake,02HF,-78.70166667,45.20444444,400.87,5
45128120,17-4736-50056,Gillies Lake,02FA,-81.33555556,45.20472222,217.43,3
45138131,17-4583-50085,Cyprus Lake,02FA,-81.53138889,45.23055556,74.33,2
45138134,17-4561-50068,Cameron Lake,02FA,-81.55805556,45.21694444,159.38,2
45157838,17-6844-50137,Goodwin Lake,02HF,-78.64916667,45.255,56.04,3
45157904,17-6567-50131,Lake of Bays,02EB,-78.99833333,45.25055556,6776.16,7
45157915,17-6369-50115,Mary Lake,02EB,-79.25833333,45.24444444,1061.45,7
45157927,17-6216-50117,Skeleton Lake,02EB,-79.45333333,45.25111111,-9999,4
45167645,18-3634-50151,Calabogie Lake,02KE,-76.74277778,45.27722222,1136.24,8
45187631,18-3808-50183,White Lake,02KE,-76.51861111,45.29805556,2368.86,6
45207643,18-3652-50219,Norway Lake,02KE,-76.72,45.33916667,283.31,4
45217841,17-6818-50232,Kimball Lake,02EB,-78.67611111,45.34166667,216.95,4
45217847,17-6738-50244,Fletcher Lake,02EB,-78.78444444,45.35361111,269.59,4
45217855,17-6628-50250,Oxtongue Lake,02EB,-78.91666667,45.35,240.1,6
45227801,17-7331-50275,McKenzie Lake,02KD,-78.02277778,45.36416667,314.36,4
45257545,18-4334-50239,Ottawa River Ottawa/Carl.,NA,-75.86722222,45.37388889,8870.6,-9999
45257741,18-2891-50334,Kamaniskeg Lake,02KD,-77.69388889,45.41333333,2217.07,7
45257923,17-6254-50307,Buck Lake,02EB,-79.39472222,45.42027778,264.19,5
45267616,18-3854-50393,Ottawa River Mississippi,NA,-76.285,45.44111111,7602.6,-9999
45267712,18-3287-50341,Lake Clear,02KC,-77.19027778,45.44111111,1740.83,4
45267902,17-6539-50341,Bella Lake,02EB,-79.03111111,45.44444444,357.64,3
45277751,18-2782-50364,Bark Lake,02KD,-77.83583333,45.44777778,4075.63,7
45277859,17-6571-50360,Dotty Lake,02EB,-78.99055556,45.46166667,159.05,4
45287558,18-4334-50239,Ottawa River - Lac Deschenes,NA,-75.96666667,45.46666667,8870.6,-9999
45297604,18-4334-50239,Ottawa R. (Lac Deschenes),NA,-76.06666667,45.48333333,8870.6,-9999
45307531,18-5390-50495,Ottawa River  Petrie Isl.,NA,-75.51666667,45.5,13085.33,-9999
45307628,18-3854-50393,Ottawa River - Lac des Chats,NA,-76.46666667,45.5,7602.6,-9999
45317956,17-5833-50403,McKellar Lake,02EA,-79.93305556,45.51361111,88.38,4
45327924,17-6239-50430,Doe Lake,02EA,-79.41416667,45.53388889,864.07,5
45337703,18-3401-50475,Mink Lake,02KC,-77.04833333,45.56472222,554.12,5
45347517,18-5390-50495,Ottawa River  - Rockland  to Carillon,NA,-75.28333333,45.56666667,-9999,-9999
45347721,18-3186-50482,Golden Lake,02KC,-77.32444444,45.56555556,3460.16,7
45377707,18-3351-50535,Lake Dore,02KC,-77.115,45.61777778,1516.3,6
45377751,18-2779-50548,Aylen Lake,02KD,-77.84833333,45.61333333,2122.73,5
45387454,18-5390-50495,Ottawa River Rockland Car,NA,-74.88166667,45.64138889,13085.33,-9999
45387730,18-3030-50572,Round Lake,02KC,-77.5275,45.6425,2978.1,6
45387933,17-6111-50550,Cecebe Lake,02EA,-79.58055556,45.64277778,804.18,7
45397748,18-2810-50600,Murphys Lake,02KC,-77.81111111,45.66111111,77.14,3
45407650,18-3662-50545,Ottawa River Petawawa/Ren,NA,-76.67583333,45.60722222,1712.81,-9999
45407655,18-3511-50603,Muskrat Lake,02KC,-76.91194444,45.6825,1219.34,6
45417918,17-6320-50600,Pickerel Lake,02EA,-79.3075,45.68194444,520.58,6
45427719,18-3191-50636,Kelly Lake,02KC,-77.32416667,45.70361111,57.21,4
45427911,17-6412-50632,Oliphant (Long) Lak,02EA,-79.175,45.71027778,179.88,4
45437912,17-6403-50645,North Lake,02EA,-79.19666667,45.72138889,54.42,3
45438030,17-5384-50622,Giroux Lake,02EA,-80.50416667,45.71361111,119.7,5
45457923,17-6257-50660,Lake Bernard,02EA,-79.38527778,45.73888889,2093.81,4
45467656,18-3485-50735,Lower Allumette Lake,NA,-76.94833333,45.78166667,3701.35,-9999
45467945,17-5971-50688,Big Deer Lake,02EA,-79.75055556,45.7675,160.4,4
45478200,17-4235-50696,Lake Manitou,02CG,-81.98333333,45.7775,10000,4
45487657,18-3485-50735,Ottawa River - Lower Allumette Lake,NA,-76.95,45.8,-9999,-9999
45497940,17-6023-50734,Spring (Fowke) Lake,02EA,-79.68166667,45.81027778,240.4,3
45507930,17-6164-50763,Eagle Lake,02EA,-79.50055556,45.83277778,943.29,4
45537650,18-3577-50825,Ottawa River - Lac Coulonge,NA,-76.83333333,45.88333333,3848.62,-9999
45537713,18-3280-50833,Ottawa River - Upper Allumette Lake,NA,-77.21666667,45.88333333,-9999,-9999
45557951,17-5879-50852,Cadden Lake,02DD,-79.86583333,45.92277778,40.2,3
45558032,17-5352-50862,Gurd Lake,02EA,-80.54416667,45.92916667,97.2,2
46027932,17-6140-50979,Beatty (Wolfe) Lake,02DD,-79.52666667,46.02694444,-9999,3
46037946,17-5950-51006,Restoule Lake,02DD,-79.77166667,46.05388889,-9999,5
46067947,17-5942-51055,Clear (Watt) Lake,02DD,-79.78111111,46.09833333,263.5,3
46077729,18-3280-50833,Ottawa R. - below Mattawa to Pembroke,NA,-77.47972222,46.10833333,-9999,-9999
46087913,17-6371-51109,Wistiwasing (Wasi) Lake,02DD,-79.22416667,46.13972222,-9999,4
46108015,17-5565-51124,Mercer Lake,02DD,-80.26833333,46.16472222,60.7,4
46108140,17-4485-51124,Lang Lake,02CH,-81.66694444,46.165,595.9,6
46118130,17-4608-51161,Walker Lake,02CH,-81.50805556,46.19944444,339.3,6
46127913,17-6382-51179,Nosbonsing Lake,02JE,-79.20861111,46.2025,1704.5,4
46128229,17-3856-51190,Grassy Lake,02CD,-82.485,46.21388889,75.17,6
46128250,17-3592-51192,Lauzon Lake,02CD,-82.82555556,46.21416667,2242,4
46137756,17-7120-51253,Ottawa River - at Mackey Creek,NA,-77.93333333,46.21666667,7843.68,-9999
46158120,17-4743-51217,Panache Lake,02CH,-81.32777778,46.25638889,7336.36,6
46158300,17-3457-51246,Cataract Lake,02CD,-83.00194444,46.25944444,108.3,5
46168240,17-3716-51254,Turtle Lake,02CD,-82.66694444,46.27194444,142.9,3
46168318,17-3228-51260,Bright Lake,02CC,-83.30472222,46.26888889,1126.48,4
46178000,17-5770-51258,Lake Nipissing,02DD,-79.78722222,46.26722222,-9999,7
46187920,17-6290-51301,Trout Lake,02JE,-79.32416667,46.31444444,1673.4,5
46188135,17-4549-51263,Wabagishik Lake,02CF,-81.58527778,46.29083333,570,7
46188243,17-3678-51289,McGiverin Lake,02CD,-82.73472222,46.30333333,305.9,4
46197955,17-5770-51258,Lake Nipissing,02DD,-79.91666667,46.31666667,-9999,7
46198015,17-5577-51311,Bear Lake,02DD,-80.25472222,46.33083333,50.07,5
46198324,17-3164-51328,Big Basswood Lake,02CC,-83.39666667,46.33305556,2708.6,4
46218303,17-3423-51340,Chiblow Lake,02CD,-83.04916667,46.34361111,2087.8,5
46218308,17-3360-51357,Little Chiblow Lake,02CD,-83.13166667,46.35694444,637.4,3
46228145,17-4414-51336,Agnew Lake,02CE,-81.76083333,46.35527778,2916.7,7
46228257,17-3525-51387,Matinenda Lake,02CD,-82.91777778,46.38777778,3566.6,5
46258252,17-3557-51418,Big Moon Lake,02CD,-82.87777778,46.41777778,506.4,4
46258313,17-3290-51439,Constance Lake,02CC,-83.22555556,46.42861111,113.3,1
46268220,17-3974-51436,Whiskey Lake,02CD,-82.33555556,46.43972222,916.6,5
46268346,17-2870-51459,Rock Lake,02CA,-83.7725,46.43472222,1028.7,5
46278233,17-3813-51443,Popeye (Poppy) Lake,02CD,-82.545,46.44416667,56.4,3
46288013,17-5601-51477,Deer Lake,02DD,-80.21722222,46.48194444,277.9,4
46288233,17-3810-51468,Quirke Lake,02CD,-82.55222222,46.49,2034.6,5
46298002,17-5732-51489,Muskosung Lake,02DC,-80.04638889,46.49138889,302.8,3
46308323,17-3172-51540,Chub Lake,02CC,-83.38388889,46.51083333,479.58,2
46317857,17-6731-51370,Lac la Cave,02JE,-78.96194444,46.51888889,3178.57,8
46318229,17-3860-51538,Geiger Lake,02CD,-82.48694444,46.53027778,88.2,4
46318247,17-3629-51531,Ten Mile Lake,02CD,-82.7875,46.51972222,932.4,4
46328348,17-2851-51570,McMahon Lake,02CA,-83.80277778,46.53416667,219.1,2
46348311,17-3323-51600,Castra Lake,02CC,-83.18861111,46.57388889,42.7,3
46348322,17-3191-51595,Wakomata Lake,02CC,-83.36055556,46.57194444,2468.7,5
46357900,17-6731-51370,Ottawa River  Temiskaming,02JE,-79,46.58333333,3178.57,8
46358302,17-3445-51613,Endikai Lake,02CC,-83.03,46.58944444,591.7,6
46358335,17-3014-51622,Shelden Lake,02CA,-83.59027778,46.58666667,129.8,3
46388248,17-3627-51660,Cobre Lake,02CC,-82.79416667,46.63527778,84.7,1
46398236,17-3764-51679,Rawhide Lake,02CC,-82.61472222,46.655,968.4,3
46398305,17-3400-51692,Kirkpatrick Lake,02CC,-83.09138889,46.65888889,1097.5,5
46438130,17-4614-51736,Green Lake,02CF,-81.50583333,46.71916667,38.94,1
46438303,17-3432-51760,Duval Lake,02CC,-83.05222222,46.72111111,150.1,4
46448033,17-5344-51754,Kukagami Lake,02DC,-80.55361111,46.73388889,1699.6,5
46448154,17-4302-51759,Rushbrook Lake,02CE,-81.91666667,46.73777778,174,2
46457954,17-5812-51735,Red Cedar Lake,02DC,-79.93694444,46.7125,2421.7,6
46458045,17-5191-51772,Wanapitei Lake,02DA,-80.74361111,46.73722222,13041.5,6
46467940,17-6007-51793,Wicksteed Lake,02DC,-79.68138889,46.76194444,1312.8,5
46468342,17-2933-51822,Garden Lake,02CA,-83.70722222,46.76361111,157.4,3
46497953,17-5845-51854,Hangstone Lake,02DC,-79.89194444,46.81916667,329.8,3
46508408,16-7186-51904,Weckstrom Lake,02BF,-84.14972222,46.82722222,18.17,2
46518105,17-4936-51883,Bigwood Lake,02CF,-81.09416667,46.84444444,247.6,4
46527915,17-6178-52207,Lake Timiskaming,02JE,-79.44611111,47.13138889,29484.3,8
46527957,17-5788-51912,Cross Lake (Torrington-Yates),02DC,-79.96611111,46.87166667,1735.4,6
46528001,17-5748-51919,Aileen Lake,02DC,-80.01777778,46.87861111,156.7,3
46548019,17-5515-51958,Emerald Lake,02DC,-80.32277778,46.91555556,566.6,2
46548154,17-4313-51958,Dennie Lake,02CE,-81.90138889,46.91444444,79.5,2
46548334,17-3053-51969,Ranger Lake,02CA,-83.55666667,46.89944444,2254.1,5
46557953,17-5842-51980,Wasaksina Lake,02DC,-79.89416667,46.93194444,601,3
46558228,17-3874-51976,Bark Lake,02CB,-82.47833333,46.92472222,1255.1,5
46558412,16-7134-51997,Achigan Lake,02BF,-84.19611111,46.91666667,279.6,4
46568112,17-4840-51983,Little Venetian Lake,02CF,-81.20944444,46.94111111,67.67,2
46568115,17-4810-51976,Venetian Lake,02CF,-81.24777778,46.94638889,783.67,4
46578042,17-5240-51985,Chiniguchi Lake,02DC,-80.70333333,46.93111111,1295.7,4
46578130,17-4620-52125,Onaping Lake,02CF,-81.52083333,47.13888889,5361.03,6
46578205,17-4175-51987,Mozhabong Lake,02CE,-82.08333333,46.93861111,1520.4,5
46587952,17-5852-52035,Driftwood Lake,02DC,-79.87944444,46.98194444,57.5,3
46597938,17-6031-52053,Rabbit Lake,02JE,-79.64722222,46.98972222,2106,5
46598331,17-3086-52062,Saymo Lake,02CA,-83.51666667,46.98333333,778.91,4
46598347,17-2880-52069,Ward Lake,02BF,-83.78722222,46.98388889,50.2,2
47008005,17-5700-52061,Lake Temagami,02DC,-80.07916667,47.00638889,22653.7,6
47008105,17-4925-52070,Helen Lake,02CF,-81.09777778,47.01888889,342,4
47018436,16-6811-52113,Mamainse Lake,02BF,-84.61833333,47.03055556,143.7,2
47047943,17-5970-52137,Cassels Lake,02JE,-79.72222222,47.07166667,757.1,5
47048122,17-4713-52126,Scotia Lake,02DA,-81.37805556,47.06861111,827.2,4
47048332,17-3094-52159,Anvil Lake,02CB,-83.51027778,47.07083333,92.8,2
47048418,16-7046-52151,Adelaide Lake,02BF,-84.30527778,47.06,137.3,3
47058002,17-5733-52151,Kokoko Lake,02DC,-80.03416667,47.08694444,493.7,4
47058137,17-4529-52150,Lower Muldrew Lake,02CF,-81.61972222,47.08916667,116.5,5
47058332,17-3074-52158,Gong Lake,02CB,-83.53611111,47.07,384.5,4
47058424,16-6971-52177,Griffin Lake,02BF,-84.40333333,47.08555556,147.1,4
47068437,16-6806-52194,Upper Pancake Lake,02BF,-84.62,47.10555556,92.2,3
47077926,17-6178-52207,Lake Timiskaming,02JE,-79.44611111,47.13138889,29484.3,8
47078105,17-4930-52197,Little Burwash Lake,02DA,-81.09194444,47.1325,105.2,3
47078208,17-4145-52197,Indian Lake,02CE,-82.12638889,47.12694444,1901.8,5
47098001,17-5740-52232,Red Squirrel Lake,02DC,-80.02388889,47.16027778,387.3,4
47108038,17-5274-52242,Rodd Lake,02DC,-80.63777778,47.17277778,33.6,0
47108123,17-4702-52245,Kalaco Lake,02DA,-81.39277778,47.17805556,89.1,4
47108340,17-2975-52266,Goulais Lake,02BF,-83.67222222,47.16333333,271.7,5
47118121,17-4728-52266,Oshawong Lake,02DA,-81.35916667,47.19444444,112.5,4
47127942,17-5972-52300,Rib Lake,02JE,-79.71611111,47.21472222,682,4
47128014,17-5580-52276,Diamond Lake,02JD,-80.23388889,47.20166667,925.2,4
47128308,17-3370-52303,Beak Lake,02CB,-83.14583333,47.21361111,116.2,3
47138338,17-3006-52333,Gull Lake,02BF,-83.63444444,47.22472222,128.7,5
47147957,17-5827-52344,Anima Nipissing Lake,02DC,-79.90611111,47.25944444,2049.7,4
47158332,17-3090-52347,Megisan Lake,02CB,-83.52333333,47.24,620.3,4
47188151,17-4352-52392,Ninth Lake,02CE,-81.8575,47.30472222,83.3,5
47207957,17-5787-52433,Kittson Lake,02JD,-79.96444444,47.33888889,78.5,3
47208010,17-5608-52396,Lady Evelyn Lake,02JD,-80.19583333,47.30944444,6262.9,6
47258016,17-5552-52523,Anvil Lake,02JD,-80.26805556,47.42416667,226.2,4
47268025,17-5430-52549,Makobe Lake,02JD,-80.42944444,47.44833333,2021.5,4
47288106,17-4919-52573,Chrysler Lake,02JD,-81.1075,47.47111111,73.7,2
47298251,17-3606-52610,Wakami Lake,04LC,-82.85055556,47.48944444,1713,-9999
47328154,17-4323-52646,Three Duck Lake (Middle),04LA,-81.90611111,47.54305556,-9999,-9999
47378215,17-4061-52742,Opeepeesway Lake,04LC,-82.23916667,47.6275,1765.89,-9999
47378443,16-6710-52766,Old Woman Lake,02BE,-84.72444444,47.6225,261.3,3
47398446,16-6678-52804,Gamitagama Lake,02BE,-84.76555556,47.6575,161.06,2
47408153,17-4340-52773,Mesomikenda Lake,04LA,-81.87861111,47.64805556,1706.2,-9999
47428442,16-6718-52845,Mijinemungshing Lake,02BD,-84.71055556,47.69333333,588.6,4
47438203,17-4217-52855,Pebonishewi Lake,04LA,-82.04416667,47.72027778,-9999,-9999
47438208,17-4148-52820,Rice Lake,04LC,-82.13444444,47.68777778,2522.3,-9999
47448150,17-4372-52874,Makami Lake,04LA,-81.83722222,47.73861111,-9999,-9999
47458431,16-6855-52885,Sand Lake,02BE,-84.52611111,47.72527778,328.3,4
47468038,17-5265-52901,Shillington Lake,02JD,-80.64666667,47.76777778,136,4
47468058,17-5026-52889,Duncan Lake,02JD,-80.96472222,47.75583333,1131.1,4
47478211,17-4104-52936,Rush Lake,04LC,-82.19583333,47.79166667,-9999,-9999
47508317,17-3280-52990,Borden Lake,04LE,-83.29722222,47.82333333,1173.47,-9999
47508436,16-6809-53004,Anjigami Lake,02BD,-84.58333333,47.85111111,1095.47,6
47518350,17-2884-53030,Little Wawa Lake,02BD,-83.82833333,47.84722222,514.2,3
47528040,17-5247-53013,Sisseney Lake,02JD,-80.66972222,47.86638889,-9999,4
47528105,17-4935-53022,Dumbell Lake,04LA,-81.08611111,47.87472222,173.2,-9999
47528235,17-3804-53044,Hanson Lake,04LC,-82.59694444,47.87805556,138.79,-9999
47538112,17-4850-53031,Halliday Lake,04LA,-81.20333333,47.87666667,-9999,-9999
47548045,17-5196-53085,Mistinikon Lake,02JD,-80.73666667,47.93138889,1357.1,6
47548125,17-4697-53049,Nursey Lake,04LA,-81.40555556,47.89861111,-9999,-9999
47548158,17-4271-53064,Katagi Lake,04LA,-81.96916667,47.90861111,247.6,-9999
47548241,17-3730-53082,Little Ridley Lake,04LC,-82.69444444,47.90416667,32.39,-9999
47558330,17-3120-53099,Como Lake,02BD,-83.51583333,47.91638889,1595.9,4
47587943,17-5962-53128,St. Anthony Lake,02JC,-79.71111111,47.96527778,488.9,4
48008220,17-4010-53144,Horwood Lake,04LC,-82.32611111,47.97694444,5545.8,-9999
48008307,17-3426-53189,Nemegosenda Lake,04LE,-83.11,48.00611111,1803.2,-9999
48018002,17-5717-53183,Round Lake,02JC,-80.03777778,48.01611111,1213,5
48018443,16-6699-53200,Wawa Lake,02BD,-84.72166667,48.01277778,677.4,3
48028136,17-4553-53202,Indian Lake,04LA,-81.6,48.03555556,50.2,-9999
48037933,17-6079-53230,Raven Lake,02JC,-79.55027778,48.05194444,616.7,5
48057938,17-6010-53265,Larder Lake,02JC,-79.64222222,48.08527778,3703.7,5
48058118,17-4773-53267,Muskasenda Lake,04LA,-81.30666667,48.09027778,632,-9999
48068235,17-3788-53266,Ivanhoe Lake,04LC,-82.5175,48.17111111,1013.8,-9999
48069119,15-6253-53286,Sheridan Lake,05PA,-91.32222222,48.10416667,-9999,-9999
48079032,15-6844-53328,North Lake,05PA,-90.525,48.12222222,1091.2,-9999
48098242,17-3736-53361,Carty Lake,04LC,-82.70055556,48.16527778,631.5,-9999
48099016,15-7025-53379,Arrow Lake,02AA,-90.265,48.16416667,3314.4,5
48099112,15-6332-53357,This Man Lake,05PA,-91.20888889,48.1625,-9999,-9999
48099119,15-6250-53348,Louisa Lake,05PA,-91.31944444,48.15638889,-9999,-9999
48117953,17-5829-53372,Victoria Lake,02JC,-79.88222222,48.18888889,-9999,4
48119109,15-6375-53394,Other Man Lake,05PA,-91.15055556,48.195,-9999,-9999
48128045,17-5180-53389,Radisson Lake,04MD,-80.75527778,48.2125,543.5,-9999
48129135,15-6052-53411,Sarah Lake,05PA,-91.58611111,48.20222222,-9999,-9999
48139000,16-2773-53446,Whitefish Lake,02AA,-90.00083333,48.22111111,3015,4
48139031,15-6843-53443,Sunbow Lake,05PA,-90.52333333,48.22444444,543.9,-9999
48148033,17-5314-53425,Watabeag Lake,04MB,-80.57666667,48.23694444,2267.1,-9999
48149014,15-7053-53459,Sandstone Lake,02AA,-90.24027778,48.23166667,935.2,4
48149108,15-6386-53456,Blackstone Lake,05PA,-91.14111111,48.24388889,-9999,-9999
48149128,15-6126-53450,Kahshahpiwi Lake,05PA,-91.48138889,48.24444444,-9999,-9999
48158133,17-4591-53367,Kenogamissi Lake,04LA,-81.54972222,48.18388889,2608.9,-9999
48159148,15-5888-53453,Argo Lake,05PA,-91.80416667,48.25694444,-9999,-9999
48168503,16-6450-53469,West Kabenung Lake,02BD,-85.04888889,48.26027778,1556.6,5
48169039,15-6723-53466,Northern Light Lake,05PA,-90.67583333,48.24444444,6869.8,-9999
48169120,15-6228-53450,Agnes Lake,05PA,-91.34555556,48.24805556,-9999,-9999
48178408,16-7139-53538,Dog Lake,02BD,-84.07055556,48.305,5184,6
48179110,15-6348-53492,McEwen Lake,05PA,-91.18222222,48.28972222,-9999,-9999
48179133,15-6075-53504,Burt Lake,05PA,-91.55,48.29694444,-9999,-9999
48189055,15-6508-53496,Saganagons Lake,05PA,-90.92305556,48.305,-9999,-9999
48199023,15-6958-53562,Weikabinonaw Lake,05PA,-90.37638889,48.325,1255.92,-9999
48228144,17-4464-53580,Jowsey Lake,04LA,-81.72361111,48.37472222,-9999,-9999
48229032,15-6832-53585,Titmarsh Lake,05PA,-90.53,48.35527778,959.5,-9999
48229140,15-5975-53595,Poohbah Lake,05PA,-91.68305556,48.38,-9999,-9999
48238340,17-3006-53592,Missinaibi Lake,04LH,-83.69138889,48.35666667,7706.9,-9999
48238848,16-3666-53602,Marie Louise Lake,02AC,-88.80138889,48.38305556,776.56,3
48239217,15-5527-53591,Thompson Lake,05PA,-92.28805556,48.385,-9999,-9999
48259016,15-7020-53669,Blunder Lake,02AB,-90.26944444,48.42444444,126.45,4
48269010,15-7091-53688,Batwing Lake,02AB,-90.17361111,48.44222222,624.2,3
48279032,15-6828-53703,Nelson Lake,05PA,-90.52888889,48.46222222,707.9,-9999
48288058,17-5018-53686,Night Hawk Lake,04MD,-80.98027778,48.45694444,9832.2,-9999
48288233,17-3844-53694,Sweetwater (He_3) Lake,04LC,-82.56444444,48.46944444,66.9,-9999
48289153,15-5813-53685,Your Lake,05PA,-91.88694444,48.47111111,-9999,-9999
48289219,15-5503-53695,Captain Tom Lake,05PA,-92.31916667,48.47833333,-9999,-9999
48308257,17-3563-53717,Kapuskasing Lake,04LE,-82.94444444,48.48361111,1870.7,-9999
48329142,15-5958-53772,Jean Lake,05PA,-91.70305556,48.54277778,-9999,-9999
48329206,15-5662-53769,Beaverhouse Lake,05PA,-92.10277778,48.54333333,-9999,-9999
48348138,17-4533-53793,Kamiskotia Lake,04LB,-81.63194444,48.56972222,496.05,-9999
48349026,15-6904-53837,Greenwater Lake,02AB,-90.43,48.57444444,3060.3,4
48359033,15-6979-53586,Jacob Lake,05PA,-90.32638889,48.3525,168.7,-9999
48359038,15-6747-53842,Burchell Lake,05PA,-90.62694444,48.58833333,1026.6,-9999
48359159,15-5747-53824,Cirrus Lake,05PA,-91.98777778,48.5925,-9999,-9999
48369010,15-7089-53866,Lower Shebandowan Lake,02AB,-90.175,48.6125,2309.35,6
48379119,15-6146-53867,Pickerel Lake,05PA,-91.44472222,48.62472222,-9999,-9999
48398055,17-5046-53895,Frederick House Lake,04MD,-80.93777778,48.66055556,3877.7,-9999
48408407,16-7122-53960,Tatnall Lake,04JA,-84.11805556,48.67833333,141.6,-9999
48408847,16-3680-53921,Nalla Lake,02AC,-88.79222222,48.66944444,48.9,2
48409140,15-5970-53925,Abbess Lake,05PA,-91.68305556,48.68027778,-9999,-9999
48418927,16-3199-53954,Hawkeye Lake,02AB,-89.45222222,48.68611111,435.8,4
48419036,15-6758-53944,Crayfish Lake,02AB,-90.62944444,48.69388889,548.4,4
48427945,17-5851-53899,Lake Abitibi,04MA,-79.84472222,48.65833333,79771.6,-9999
48429116,15-6263-53964,Crystal Lake,05PA,-91.28305556,48.70944444,-9999,-9999
48429126,15-6136-53934,Nym Lake,05PA,-91.45666667,48.68555556,-9999,-9999
48429203,15-5688-53944,Factor Lake,05PB,-92.065,48.70055556,-9999,-9999
48439023,15-6913-53983,Kashabowie Lake,02AB,-90.39416667,48.71888889,2289.6,5
48439110,15-6340-53970,Eva Lake,05PA,-91.17833333,48.71333333,-9999,-9999
48448457,16-6497-54012,Strickland Lake,02BC,-84.96361111,48.7475,226.2,2
48449240,15-5236-53978,Bad Vermilion Lake,05PB,-92.68,48.735,-9999,-9999
48449334,15-4579-53993,Wasaw Lake,05PB,-93.57277778,48.74666667,-9999,-9999
48459151,15-5849-53998,Perch Lake,05PB,-91.845,48.74694444,-9999,-9999
48468501,16-6447-54048,Dayohessarah lake,02BC,-85.03,48.78083333,1113.6,3
48468932,16-3132-54041,Dog Lake,02AB,-89.54277778,48.76388889,14804.3,6
48469012,15-7050-54058,Athelstane Lake,02AB,-90.20805556,48.77444444,1806.4,4
48469204,15-5676-54025,Calm Lake,05PB,-92.08083333,48.77416667,-9999,-9999
48478537,16-6003-54025,White Lake,02BC,-85.63555556,48.76944444,5888.5,7
48479104,15-6401-54050,Crooked Pine Lake,05PB,-91.09361111,48.78444444,-9999,-9999
48479132,15-6076-54043,Rawn Reservoir,05PB,-91.53694444,48.785,-9999,-9999
48479240,15-5221-54041,Little Turtle Lake,05PB,-92.69944444,48.79111111,-9999,-9999
48488520,16-6225-54072,Kwinkwaga Lake,02BC,-85.33222222,48.80777778,811.3,5
48489107,15-6383-54085,Mercutio Lake,05PB,-91.11694444,48.81611111,-9999,-9999
48489140,15-5979-54059,Steep Rock Lake,05PB,-91.66638889,48.79777778,-9999,-9999
48499058,15-6493-54089,Union Lake,05PB,-90.96861111,48.82833333,-9999,-9999
48509030,15-6827-54135,Lac des Mille Lacs,05PB,-90.49444444,48.84888889,24112.8,-9999
48529020,15-6827-54135,Lac des Mille Lacs - Eastern Basin,05PB,-90.33333333,48.86666667,24112.8,-9999
48529051,15-6578-54141,Bedivere Lake,05PB,-90.84944444,48.86805556,2252.2,-9999
48529202,15-5704-54143,Dovetail Lake,05PB,-92.04027778,48.88,-9999,-9999
48538347,17-2953-54198,Lower Minnipuka Lake,04LJ,-83.79527778,48.89638889,251.1,-9999
48539131,15-6065-54144,Marmion Lake,05PB,-91.5475,48.875,-9999,-9999
48549218,15-5502-54176,Manion Lake,05PB,-92.31583333,48.91138889,-9999,-9999
48549349,15-4396-54165,Off Lake,05PB,-93.825,48.90055556,-9999,-9999
48559000,15-7307-50900,Lac du Milieu,05PB,-90.00472222,48.9275,121.48,-9999
48559134,15-6034-54181,Finlayson Lake,05PB,-91.58972222,48.90916667,-9999,-9999
48568153,17-4357-54206,Oke Lake,04LB,-81.87833333,48.93722222,-9999,-9999
48569331,15-4610-54218,Calder Lake,05PB,-93.53277778,48.94555556,-9999,-9999
48578407,16-7102-54270,Gull Lake,04JA,-84.12888889,48.96194444,107.11,-9999
48579112,15-6317-54251,Farley Lake,05PB,-91.205,48.96194444,-9999,-9999
48579157,15-5770-54220,Turtle Lake,05PB,-91.94833333,48.94805556,-9999,-9999
48579211,15-5586-54227,Sandbeach Lake,05PB,-92.19888889,48.95611111,-9999,-9999
48579216,15-5537-54222,Pettit Lake,05PB,-92.2675,48.95194444,-9999,-9999
48579251,15-5100-54230,Otukamamoan (Trout) Lake,05PB,-92.86361111,48.96166667,-9999,-9999
48579346,15-4430-54221,Burditt Lake,05PB,-93.77333333,48.95638889,-9999,-9999
48589149,15-5858-54247,Crowrock Lake,05PB,-91.82777778,48.97166667,-9999,-9999
48598656,16-5042-54260,Cairngorm Lake,02BA,-86.93722222,48.99194444,1032.1,3
48599348,15-4403-54276,Little Kishkutena Lake,05PD,-93.80888889,48.9975,-9999,-9999
49008416,16-6991-54320,Cameron Lake,04JA,-84.27722222,49.01083333,2663.2,-9999
49009002,15-7156-54333,Muskeg Lake,02AB,-90.05194444,49.01722222,3473.6,4
49009157,15-5755-54281,Clearwater West Lake,05PB,-91.96861111,49.00333333,-9999,-9999
49009224,15-5429-54280,Eltrut Lake,05PB,-92.41361111,49.00555556,-9999,-9999
49009330,15-4632-54287,Loonhaunt Lake,05PB,-93.50388889,49.01222222,-9999,-9999
49018450,16-6583-54325,Lake Placid,04JC,-84.83388889,49.02694444,131,-9999
49019205,15-5670-54304,Grey Trout Lake,05PB,-92.08388889,49.02472222,-9999,-9999
49028904,16-3483-54344,Walotka Lake,02AC,-89.07638889,49.04555556,97,0
49029210,15-5600-54290,Mount Lake,05PB,-92.18,49.01305556,-9999,-9999
49038509,16-6348-54346,Tocheri Lake,02BC,-85.15472222,49.05138889,865,3
49039304,15-4943-54343,Vista Lake,05PB,-93.07861111,49.06361111,-9999,-9999
49048235,17-3846-54330,Saganash Lake,04LF,-82.57944444,49.04111111,-9999,-9999
49048306,17-3441-54377,Opasatika Lake,04LL,-83.13444444,49.07416667,-9999,-9999
49058505,16-6398-54390,Shekak Lake,04JC,-85.085,49.09,769.4,-9999
49059009,15-7080-54418,Ricestalk Lake,02AB,-90.1525,49.09555556,274.6,4
49059335,15-4595-54375,Pipestone Lake,05PB,-93.54388889,49.09944444,-9999,-9999
49068441,16-6683-54413,Haken Lake,04JC,-84.69444444,49.10388889,97.1,-9999
49068909,16-3431-54406,Arrowroot Lake,02AC,-89.15583333,49.10805556,178.06,4
49069141,15-5955-54404,Sandford Lake,05PB,-91.69194444,49.11083333,-9999,-9999
49079136,15-6015-54420,Irene Lake,05PB,-91.60861111,49.12444444,-9999,-9999
49079152,15-5816-54402,White Otter Lake,05PB,-91.88166667,49.11111111,-9999,-9999
49079342,15-4479-54411,Katimiagamak Lake,05PD,-93.71472222,49.12222222,-9999,-9999
49089241,15-5231-54423,Entwine Lake,05PB,-92.68388889,49.13527778,-9999,-9999
49098825,16-3964-54451,Purdom Lake,02AD,-88.42083333,49.15194444,246.1,4
49099336,15-4562-54445,Schistose Lake,05PB,-93.60111111,49.15416667,-9999,-9999
49108700,16-4995-54471,Catlonite Lake,04JD,-87.00694444,49.17833333,326.2,-9999
49108927,16-3207-54488,Jolly Lake,02AD,-89.45944444,49.16777778,96.9,2
49109109,15-6345-54482,Scotch Lake,05QA,-91.15472222,49.17388889,-9999,-9999
49109322,15-4725-54467,Bluffpoint Lake,05PB,-93.37694444,49.17472222,-9999,-9999
49119202,15-5704-54495,Dibble Lake,05PB,-92.03444444,49.19666667,-9999,-9999
49128937,16-3103-54530,Lac des Iles,02AB,-89.605,49.20222222,1568.38,4
49129150,15-5842-54507,Nora Lake,05PB,-91.84444444,49.205,-9999,-9999
49139352,15-4390-54514,Kakagi Lake,05PD,-93.8375,49.21472222,-9999,-9999
49148753,16-4348-54546,Kilgour Lake,02AE,-87.89388889,49.24333333,97.8,3
49149128,15-6111-54547,Kay Lake,05QA,-91.47333333,49.23666667,-9999,-9999
49158832,16-3884-54562,Frazer Lake,02AD,-88.52916667,49.25222222,1979.08,4
49158856,16-3593-54568,Muskrat Lake,02AC,-88.94305556,49.25305556,505.75,4
49159258,15-5023-54567,Lower Manitou Lake,05PB,-92.96861111,49.26472222,-9999,-9999
49168626,16-5412-54570,Kagiano Lake,02BB,-86.40583333,49.31,1274.85,5
49169100,15-6448-54598,Savoy Lake,05QA,-91.01,49.27611111,-9999,-9999
49169322,15-4729-54570,Lawrence Lake,05PD,-93.37333333,49.2675,-9999,-9999
49189351,15-4375-54620,Cedar Tree Lake,05PD,-93.85972222,49.30944444,-9999,-9999
49199203,15-5684-54631,WE66-23 Lake,05PB,-92.05972222,49.31916667,-9999,-9999
49199208,15-5627-54632,Bending Lake,05PB,-92.13777778,49.32027778,-9999,-9999
49199221,15-5472-54633,Wapageisi Lake,05PB,-92.35083333,49.32222222,-9999,-9999
49199333,15-4593-54629,Rowan Lake,05PD,-93.56027778,49.31972222,-9999,-9999
49208748,16-4420-54651,Barbara Lake,02AD,-87.80111111,49.34388889,2352.4,4
49208853,16-3634-54687,Black Sturgeon Lake,02AC,-88.88055556,49.35805556,5105.4,6
49209151,15-5833-54665,Horseshoe Lake,05PB,-91.85361111,49.34777778,-9999,-9999
49218901,16-3534-54692,Circle Lake,02AC,-89.01888889,49.36,388,4
49219015,15-6981-54703,Pakashkan Lake,04GB,-90.27194444,49.35555556,4737.1,5
49229346,15-4431-54685,Caviar Lake,05PD,-93.775,49.37472222,-9999,-9999
49229354,15-4342-54693,Dogpaw Lake,05PD,-93.90611111,49.37472222,-9999,-9999
49238919,16-3319-54724,Gennis Lake,02AD,-89.32944444,49.39,125.13,3
49239218,15-5503-54708,Stormy Lake,05QD,-92.30777778,49.38972222,-9999,-9999
49248033,17-5331-54730,Little Abitibi Lake,04ME,-80.54305556,49.41083333,3169.47,-9999
49248043,17-5202-54735,Humestone Lake,04ME,-80.72083333,49.41583333,98.1,-9999
49249008,15-7088-54764,Grew Lake,02AD,-90.12222222,49.40638889,272.7,4
49249247,15-5149-54725,Upper Manitou Lake,05PB,-92.79555556,49.40694444,-9999,-9999
49258501,16-6420-54760,Nagagami Lake,04JC,-85.04194444,49.42194444,5362.5,-9999
49259034,15-6775-54775,Wawang Lake,04GB,-90.55222222,49.42638889,2021.5,4
49268011,17-5590-54756,Wasicho Lake,04ME,-80.18666667,49.43222222,162.9,-9999
49268716,16-4802-54759,Wintering Lake,04JD,-87.28555556,49.43472222,1665.2,-9999
49269006,15-7111-54802,Holly Lake,02AD,-90.08805556,49.43972222,305.2,4
49269007,15-7085-54809,Loganberry Lake,02AD,-90.12361111,49.44666667,425.3,4
49269132,15-6059-54782,Little Sandbar Lake,05QA,-91.53972222,49.44916667,-9999,-9999
49269220,15-5477-54774,Long Lake,05QD,-92.3425,49.44972222,-9999,-9999
49278738,16-4548-54782,Parks Lake,02AD,-87.62305556,49.45638889,1574.9,4
49279053,15-6531-54804,Selwyn Lake,05QA,-90.88805556,49.45861111,958.1,-9999
49279317,15-4785-54790,Tadpole Lake,05QD,-93.2975,49.465,-9999,-9999
49279332,15-4602-54790,Atikwa Lake,05PD,-93.54888889,49.46472222,-9999,-9999
49288440,16-6697-54829,Nagagamisis Lake,04JC,-84.65722222,49.47722222,2331.1,-9999
49288533,16-6053-54810,White Otter Lake,02BB,-85.54694444,49.47472222,448.9,3
49308045,17-5206-54832,Pierre Lake,04ME,-80.715,49.50277778,-9999,-9999
49308500,16-6439-54864,Hiawatha Lake,04JC,-85.01194444,49.51527778,156.4,-9999
49308650,16-5079-54800,Long Lake,04JD,-86.89055556,49.475,12820.4,-9999
49309002,15-7163-54881,Kearns Lake,02AD,-90.01222222,49.50861111,905.9,5
49309336,15-4557-54838,Populus Lake,05PD,-93.61277778,49.50694444,-9999,-9999
49318720,16-4747-54847,South Beatty Lake,02AD,-87.34861111,49.52083333,278.35,3
49319237,15-5275-54864,Whitewater Lake,05QD,-92.62083333,49.53194444,-9999,-9999
49319350,15-4395-54864,Dryberry Lake,05PD,-93.83694444,49.52916667,-9999,-9999
49329111,15-6304-54898,Sowden Lake,05QA,-91.1975,49.54916667,-9999,-9999
49329123,15-6164-54885,Cecil Lake,05QA,-91.39166667,49.53944444,-9999,-9999
49329404,15-4218-54877,Black Lake,05PD,-94.08138889,49.53888889,-9999,-9999
49338047,17-5149-54886,Montreuil Lake,04ME,-80.79388889,49.55138889,486.5,-9999
49339140,15-5965-54891,Indian Lake,05QA,-91.66638889,49.54888889,-9999,-9999
49349149,15-5853-54894,Mameigwess Lake,05QA,-91.82555556,49.55083333,-9999,-9999
49349153,15-5802-54916,Mud Lake,05QA,-91.89166667,49.57361111,-9999,-9999
49367959,17-5735-54944,Burntbush Lake,04NB,-79.98138889,49.6,56.56,-9999
49369245,15-5172-54948,Godson Lake,05QD,-92.76166667,49.60777778,-9999,-9999
49378625,16-5406-54956,McKay Lake,02BB,-86.43805556,49.61333333,3131.6,5
49379132,15-6048-54975,Victoria Lake,05QA,-91.54333333,49.62444444,-9999,-9999
49379249,15-5124-54968,DorÚ Lake,05QD,-92.82833333,49.62583333,-9999,-9999
49379405,15-4216-54977,Andy Lake,05PD,-94.08638889,49.62916667,-9999,-9999
49398940,16-3069-55034,Holinshead Lake,02AD,-89.67583333,49.65416667,2254.3,6
49409415,15-4100-55022,Blindfold Lake,05PD,-94.2525,49.66916667,-9999,-9999
49419033,15-6767-55061,Little Metionga Lake,04GB,-90.53527778,49.68333333,729.58,5
49419058,15-6457-55062,Mattawa Lake,05QA,-90.98027778,49.69305556,-9999,-9999
49419132,15-6046-55042,Gooch Lake,05QA,-91.54944444,49.6925,-9999,-9999
49419141,15-5948-55051,Heathwalt Lake,05QA,-91.695,49.69833333,-9999,-9999
49428241,17-3790-55066,Zadi Lake,04LL,-82.67833333,49.70166667,663.6,-9999
49428652,16-5087-55041,Kenogamisis Lake - Outflow Basin,04JD,-86.86972222,49.71611111,4165.2,-9999
49428653,16-5087-55041,Kenogamisis Lake,04JD,-86.87916667,49.69111111,-9999,-9999
49428657,16-5087-55041,Kenogamisis Lake - Barton's Bay,04JD,-86.94055556,49.69888889,4165.2,-9999
49428736,16-4566-55070,Beatty Lake,02AD,-87.60194444,49.71583333,699.3,3
49438606,16-5657-55074,Pagwachuan Lake,04JD,-86.08861111,49.7175,2714.8,-9999
49439015,15-6979-55108,Empire Lake,04GB,-90.25472222,49.71916667,677.1,3
49439024,15-6869-55111,Brightsand Lake,04GB,-90.40694444,49.72527778,1112.7,5
49439028,15-6824-55113,Metionga Lake,04GB,-90.46861111,49.72027778,2029.5,5
49439110,15-6321-55100,Crystal Lake,05QA,-91.16805556,49.72944444,-9999,-9999
49439118,15-6217-55096,Wintering Lake,05QA,-91.31222222,49.72888889,-9999,-9999
49439150,15-5837-55088,Arethusa Lake,05QA,-91.83916667,49.7275,-9999,-9999
49439350,15-4390-55083,Porcus Lake,05PD,-93.84638889,49.72583333,-9999,-9999
49439410,15-4148-55077,Dogtooth Lake,05PD,-94.18222222,49.71777778,-9999,-9999
49439418,15-4058-55081,Longbow Lake,05PD,-94.3075,49.71972222,-9999,-9999
49448043,17-5208-55103,Sand Lake,04KB,-80.71722222,49.74527778,130.1,-9999
49448711,16-4882-55089,Wildgoose Lake,02AD,-87.175,49.72638889,1738.5,4
49449227,15-5396-55107,Hartman Lake,05QA,-92.45027778,49.74972222,-9999,-9999
49458016,17-5521-55108,Little Kesagami Lake,04NC,-80.27638889,49.74916667,513.3,-9999
49458221,17-4019-55121,Guilfoyle Lake,04LL,-82.36111111,49.75527778,758.6,-9999
49469141,15-5946-55139,Kukukus Lake,05QA,-91.68638889,49.77194444,-9999,-9999
49469400,15-4279-55138,Hawk Lake,05PD,-94.00138889,49.77416667,-9999,-9999
49479129,15-6090-55164,Press Lake,05QA,-91.48527778,49.79222222,-9999,-9999
49479240,15-5241-55137,Thunder Lake,05QD,-92.66583333,49.77722222,-9999,-9999
49479502,15-3532-55170,Whitefish Lake,05PE,-95.03972222,49.78916667,-9999,-9999
49488552,16-5818-55170,Klotz Lake,04JD,-85.86277778,49.80194444,830.1,-9999
49489054,15-6500-55194,Bell Lake,05QA,-90.91527778,49.81055556,4169.6,-9999
49489452,15-3654-55172,Pickerel Lake,05PE,-94.87111111,49.79444444,-9999,-9999
49499010,15-7031-55216,Sparkling Lake,04GB,-90.17722222,49.81416667,1266,5
49499154,15-5782-55201,Amik Lake,05QA,-91.9125,49.83055556,-9999,-9999
49499221,15-5463-55189,Big Sandy Lake,05QA,-92.35638889,49.82305556,-9999,-9999
49518005,17-5662-55201,Kattawagami Lake,04NC,-80.07916667,49.83194444,2551.8,-9999
49518740,16-4521-55219,Pinel Lake,02AD,-87.6725,49.85583333,86.22,2
49519342,15-4487-55234,Augite Lake,05QD,-93.71444444,49.86305556,-9999,-9999
49519425,15-3982-55227,Black Sturgeon Lakes,05PE,-94.43305556,49.85361111,-9999,-9999
49528922,16-3297-55263,Crevasse Lake,02AD,-89.37027778,49.86722222,114.6,2
49529018,15-6931-55274,Rude Lake,04GB,-90.31333333,49.87,507.8,3
49529410,15-4153-55253,Silver Lake,05PE,-94.17861111,49.87638889,-9999,-9999
49539105,15-6600-55380,Sturgeon Lake,05QA,-91.08222222,49.87833333,-9999,-9999
49539117,15-6233-55269,Towers Lake,05QA,-91.28666667,49.88888889,-9999,-9999
49539345,15-4452-55268,Little Gordon Lake,05QD,-93.76333333,49.89277778,-9999,-9999
49539500,15-3559-55281,Malachi Lake,05PE,-95.00638889,49.89027778,-9999,-9999
49548002,17-5694-55282,Whaleshead Lake,04NC,-80.03333333,49.90194444,174.9,-9999
49549057,15-6600-55380,Sturgeon Lake,05QA,-90.95,49.9,-9999,-9999
49549235,15-5293-55287,Gullwing Lake,05QD,-92.59166667,49.91166667,-9999,-9999
49549350,15-4399-55286,Daniels Lake,05QD,-93.8375,49.90861111,-9999,-9999
49558253,17-3644-55310,Hillmer Lake,04LL,-82.88333333,49.91666667,-9999,-9999
49558900,16-3557-55322,Cry Lake,02AD,-89.01111111,49.92638889,246.7,0
49559057,15-6600-55380,Sturgeon Lake   Lyon Cr.,05QA,-90.86027778,49.92222222,21412.7,-9999
49569014,15-6985-55358,Harmon Lake,04GB,-90.23416667,49.94388889,2823.4,6
49569332,15-4606-55329,Edward Lake,05QD,-93.54972222,49.94916667,-9999,-9999
49578644,16-5188-55331,Burrows Lake,04JD,-86.73833333,49.95222222,1761.3,-9999
49578922,16-3346-55390,Obonga Lake,02AD,-89.3075,49.98277778,3578.4,6
49579100,15-6600-55380,Sturgeon Lake,05QA,-91.00805556,49.98194444,-9999,-9999
49579257,15-5026-55337,Rugby Lake,05QD,-92.96361111,49.95777778,-9999,-9999
49579358,15-4298-55335,Big Island Lake,05QD,-93.97833333,49.95166667,-9999,-9999
49579414,15-4115-55351,Cross Lake,05PE,-94.23416667,49.96388889,-9999,-9999
49588555,16-5774-55353,Shacabac Lake,04JD,-85.92055556,49.96666667,755.2,-9999
49588615,16-5538-55350,Chipman Lake,04JD,-86.23972222,49.98361111,2610.33,-9999
49589046,15-6600-55380,Sturgeon Lake,05QA,-90.76888889,49.97472222,21412.7,-9999
49589354,15-4351-55357,Shrub Lake,05QD,-93.90527778,49.9725,-9999,-9999
49599135,15-6011-55383,Bawden Lake,05QA,-91.58972222,49.99055556,-9999,-9999
49599344,15-4470-55367,Canyon Lake,05QD,-93.73944444,49.98194444,-9999,-9999
50008726,16-4688-55390,Onaman Lake,02AD,-87.43583333,50.00472222,10838,4
50009330,15-4642-55404,Eye Lake,05QD,-93.50722222,50.01527778,-9999,-9999
50009453,15-3653-55394,Cygnet Lake,05PE,-94.88,49.99361111,-9999,-9999
50019413,15-4124-55428,Old Man Lake,05QE,-94.22277778,50.0325,-9999,-9999
50029404,15-4238-55430,Tom Lake,05QE,-94.06444444,50.03638889,-9999,-9999
50039021,15-6890-55500,Seseganaga Lake,04GB,-90.35305556,50.06583333,10736.9,6
50039104,15-6378-55460,Gibraltar Lake,05QA,-91.07583333,50.0525,-9999,-9999
50039330,15-4653-55440,Clay Lake,05QD,-93.48555556,50.04916667,-9999,-9999
50049010,15-7048-55476,Wapikaimaski Lake,04GB,-90.13944444,50.04777778,3116.3,6
50058900,16-3576-55491,Wabinosh Lake,02AD,-88.99027778,50.07916667,1755.6,7
50059236,15-5282-55495,Mold Lake,05QB,-92.60638889,50.09916667,-9999,-9999
50059403,15-4250-55493,Delaney Lake,05QE,-94.04861111,50.09305556,-9999,-9999
50068928,16-3237-55525,Maggotte Lake,02AD,-89.46555556,50.10055556,118.7,4
50068941,16-3076-55545,Sandison Lake,02AD,-89.69222222,50.11611111,272.7,5
50078913,16-3411-55531,Bukemiga Lake,02AD,-89.22194444,50.11083333,791.3,5
50088747,16-4433-55531,Elbow Lake,02AD,-87.79333333,50.12972222,321.5,4
50088905,16-3500-55543,Waweig Lake,02AD,-89.09888889,50.12361111,1158.26,5
50099115,15-6244-55581,Singapore Lake,05QA,-91.25861111,50.16361111,-9999,-9999
50099444,15-3755-55568,Blueberry Lake,05PE,-94.74333333,50.15222222,-9999,-9999
50108753,16-4359-55570,Frank Lake,02AD,-87.89694444,50.16361111,514.91,3
50109203,15-5670-55575,Richardson Lake,05QB,-92.06222222,50.16805556,-9999,-9999
50109252,15-5085-55575,Thaddeus Lake,05QE,-92.88138889,50.17138889,-9999,-9999
50129010,15-7008-55644,Kawaweogama Lake,04GB,-90.18611111,50.19694444,3547.9,6
50129441,15-3795-55615,Snook Lake,05QE,-94.68888889,50.19527778,-9999,-9999
50138034,17-5325-55608,Nettogami Lake,04KB,-80.54416667,50.20027778,-9999,-9999
50158957,16-2890-55711,Redhead Lake,04GB,-89.95833333,50.25972222,-9999,4
50169022,15-6863-55732,Heathcote Lake,04GB,-90.38138889,50.28277778,-9999,-9999
50179333,15-4602-55724,Sup Lake,05QE,-93.55861111,50.30388889,-9999,-9999
50189308,15-4900-55708,Perrault Lake,05QE,-93.14083333,50.29111111,-9999,-9999
50189318,15-4785-55574,Cliff Lake,05QE,-93.30111111,50.17083333,-9999,-9999
50189445,15-3754-55732,Umfreville Lake,05QE,-94.80611111,50.28083333,-9999,-9999
50209147,15-5866-55770,Expanse Lake,05QB,-91.78361111,50.34083333,-9999,-9999
50209359,15-4305-55763,Tide Lake,05QE,-93.98361111,50.33777778,-9999,-9999
50209400,15-4305-55763,Ball Lake (North Basin),05QE,-94,50.33333333,-9999,-9999
50219130,15-6060-55787,Hik Lake,05QB,-91.51,50.3525,-9999,-9999
50219358,15-4305-55763,Maynard Lake,05QE,-93.96666667,50.35,-9999,-9999
50229020,15-6889-55829,Smye Lake,04GB,-90.34444444,50.36972222,281.5,-9999
50238015,17-5547-55801,Kesagami Lake,04NC,-80.23,50.37277778,17120,-9999
50249021,15-6881-55875,Silver Lake,04GA,-90.35333333,50.41166667,153.66,-9999
50269123,15-6143-55885,Bury Lake,05QB,-91.39111111,50.43638889,-9999,-9999
50269313,15-4880-55820,Wabaskang Lake,05QE,-93.16888889,50.39194444,-9999,-9999
50279226,15-5394-55901,Spruce Lake,05QB,-92.445,50.46388889,-9999,-9999
50299025,15-6825-55952,Savant Lake,04GA,-90.4275,50.48222222,12041.3,-9999
50309433,15-3895-55970,Wyder Lake,05QE,-94.55916667,50.51611111,-9999,-9999
50319225,15-5413-55979,Birmingham Lake,05QB,-92.41722222,50.52666667,-9999,-9999
50319331,15-4634-55960,Zizania Lake,05QE,-93.50583333,50.52388889,-9999,-9999
50339220,15-5464-56006,Wapesi Lake,05QB,-92.34555556,50.5575,-9999,-9999
50339401,15-4270-56011,Conifer Lake,05QE,-94.03111111,50.55916667,-9999,-9999
50379032,15-6742-56100,Fitchie Lake,04GA,-90.53722222,50.61805556,1095.6,-9999
50379116,15-6217-56090,Carling Lake,05QB,-91.28027778,50.62222222,-9999,-9999
50388946,16-3020-56135,Wabakimi Lake,04GB,-89.78194444,50.64333333,6795.6,7
50389503,15-3543-56122,Wingiskus Lake,05RA,-95.06138889,50.645,-9999,-9999
50409409,15-4187-56135,Confusion Lake,05QE,-94.15138889,50.67,-9999,-9999
50439042,15-6620-56188,DeLesseps Lake,04GA,-90.70638889,50.7,4569.4,-9999
50439054,15-6471-56202,Arc Lake,04GA,-90.90666667,50.71694444,599.3,-9999
50449310,15-4894-56194,Wenasaga Lake,05QB,-93.15027778,50.72861111,-9999,-9999
50459330,15-4660-56220,Pakwash Lake,05QC,-93.48166667,50.75055556,-9999,-9999
50469032,15-6733-56270,Minchin Lake,04GA,-90.54361111,50.76694444,1561.1,-9999
50469408,15-4172-56262,Longlegged Lake,05QE,-94.17444444,50.78388889,-9999,-9999
50499050,15-6523-56318,Miniss Lake,04GA,-90.84055556,50.81638889,6314.3,-9999
50499257,15-5035-56302,Bluffy Lake,05QB,-92.95083333,50.82583333,-9999,-9999
50529017,15-6908-56374,McCrea Lake,04GA,-90.28972222,50.85861111,3741.2,-9999
50539041,15-6617-56410,Bertaud Lake,04GA,-90.69972222,50.89944444,414.68,-9999
50539403,15-4255-56385,Upper Medicine Stone Lake,05QC,-94.05972222,50.89555556,-9999,-9999
50569005,15-7043-56488,Greenbush Lake,04GC,-90.10333333,50.93944444,2870.6,-9999
50569416,15-4109-56434,Onnie Lake,05QC,-94.26777778,50.9375,-9999,-9999
50589018,15-6895-56512,Pashkokogan Lake,04GA,-90.30083333,50.98277778,6606.4,-9999
51009223,15-5433-56498,Jubilee Lake,05QB,-92.39972222,51.01055556,-9999,-9999
51049243,15-5210-56629,Confederation Lake - Southwest Basin,05QC,-92.71666667,51.06666667,-9999,-9999
51059208,15-5605-56599,Jeanette Lake,05QB,-92.13638889,51.08972222,-9999,-9999
51059244,15-5210-56629,Confederation Lake,05QC,-92.70888889,51.10527778,-9999,-9999
51059402,15-4269-56605,Hammell Lake,05QC,-94.04472222,51.09361111,-9999,-9999
51088757,16-4324-56660,I291 Lake,04GD,-87.96638889,51.13833333,535.6,-9999
51129241,15-5213-56724,Premier Lake,05QC,-92.69472222,51.20416667,-9999,-9999
51158837,16-3864-56799,Weese Lake,04GD,-88.6275,51.26138889,-9999,-9999
51159315,15-4784-56717,Trout Lake,05QC,-93.30944444,51.19861111,-9999,-9999
51169350,15-4414-56807,Little Vermilion Lake,05QC,-93.84027778,51.27638889,-9999,-9999
51179229,15-5349-56812,Grace Lake,04GA,-92.49861111,51.28722222,-9999,-9999
51209258,15-5045-56849,Shabu Lake,04GA,-92.93972222,51.31416667,-9999,-9999
51209335,15-4589-56848,Coli Lake,05QC,-93.59,51.31527778,-9999,-9999
51229306,15-4919-56922,Blair Lake,05QC,-93.11472222,51.37388889,-9999,-9999
51249221,15-5452-56951,Birch Lake,04GA,-92.35083333,51.40694444,-9999,-9999
51289330,15-4613-57020,Nungesser Lake,05QC,-93.55805556,51.47,-9999,-9999
51329356,15-4356-57093,Kirkness Lake,05RC,-93.92666667,51.53222222,-9999,-9999
51359244,15-5209-57140,Wavell Lake,05RC,-92.69888889,51.57777778,-9999,-9999
51459323,15-4741-57335,Silcox Lake,05RC,-93.37472222,51.75361111,-9999,-9999
51489359,15-4304-57399,Pikangikum Lake,05RC,-93.99611111,51.80222222,-9999,-9999
52059228,15-5365-57696,Tutu Lake,04CB,-92.46694444,52.07638889,-9999,-9999
52319255,15-5061-58179,North Spirit Lake,04CA,-92.91527778,52.51555556,-9999,-9999
52359132,15-5988-58262,Windigo Lake,04CB,-91.53555556,52.58138889,-9999,-9999
52539153,15-5751-58597,Nikip Lake,04CB,-91.89388889,52.89722222,-9999,-9999
52568723,16-4753-58628,Winisk Lake,04DA,-87.39333333,52.93888889,-9999,-9999
53019302,15-5000-58758,Sandy Lake,04CA,-93.03722222,53.01916667,-9999,-9999
53088816,16-4137-58866,No Name Lake 21,04DA,-88.27277778,53.14833333,-9999,-9999
53439006,15-6978-59597,Big Trout Lake,04CE,-90.1,53.71666667,-9999,-9999
53459000,15-6978-59597,Big Trout Lake,04CE,-90.00722222,53.78333333,-9999,-9999
53469252,15-5089-59670,Lingman Lake,04AD,-92.85194444,53.85472222,-9999,-9999
53509000,15-6978-59597,Big Trout Lake,04CE,-90,53.83333333,-9999,-9999
53588614,16-5494-59810,Wild Berry Lake,04DC,-86.24388889,53.97666667,-9999,-9999
54088502,16-6284-60018,Pine Lake,04EA,-85.03972222,54.14638889,-9999,-9999
54098541,16-5856-60025,Shamattawa Lake (Winisk River),04DC,-85.68916667,54.165,-9999,-9999
54208500,16-6292-60223,Spruce Lake,04EA,-85.01361111,54.33444444,-9999,-9999
54319214,15-5492-60415,Echoing Lake,04AE,-92.24,54.52055556,-9999,-9999
